location_name,location_id,peak_bed_day_mean,peak_bed_day_lower,peak_bed_day_upper,peak_icu_bed_day_mean,peak_icu_bed_day_lower,peak_icu_bed_day_upper,peak_vent_day_mean,peak_vent_day_lower,peak_vent_day_upper,all_bed_capacity,icu_bed_capacity,all_bed_usage,icu_bed_usage,available_all_nbr,available_icu_nbr,travel_limit_start_date,travel_limit_end_date,stay_home_start_date,stay_home_end_date,educational_fac_start_date,educational_fac_end_date,any_gathering_restrict_start_date,any_gathering_restrict_end_date,any_business_start_date,any_business_end_date,all_non-ess_business_start_date,all_non-ess_business_end_date
Abruzzo,35507,12/29/20,11/20/20,1/25/21,12/27/20,11/20/20,1/24/21,12/27/20,11/20/20,1/24/21,4500,96,3494,68,1006,28,3/22/20,5/4/20,3/11/20,6/3/20,3/5/20,9/24/20,3/11/20,,3/11/20,6/15/20,3/11/20,4/14/20
Acre,4750,6/6/20,6/6/20,6/6/20,6/10/20,6/10/20,6/10/20,6/10/20,6/10/20,6/10/20,1316,44,1027,37,289,7,,,,,3/16/20,,3/20/20,,3/17/20,,3/17/20,6/22/20
Afghanistan,160,3/13/21,7/11/20,4/14/21,3/13/21,7/11/20,4/13/21,3/13/21,7/11/20,4/13/21,16946,1364,11660,924,5286,440,,,,,3/14/20,,3/18/20,,3/18/20,,,
Aguascalientes,4643,11/14/20,9/22/20,11/26/20,11/14/20,9/23/20,11/26/20,11/14/20,9/23/20,11/26/20,1414,78,986,65,428,13,,,6/22/20,,3/19/20,,3/13/20,,3/23/20,,3/30/20,
Alabama,523,1/14/21,11/24/20,3/7/21,1/14/21,7/26/20,3/6/21,1/14/21,7/21/20,2/28/21,17537,1525,11793,1050,5744,475,,,4/4/20,4/30/20,3/19/20,,3/19/20,,3/19/20,6/15/20,3/28/20,4/30/20
Alagoas,4751,5/25/20,5/25/20,5/25/20,6/10/20,6/10/20,6/10/20,6/10/20,6/10/20,6/10/20,5244,291,4103,250,1141,41,,,,,3/17/20,,3/16/20,,4/7/20,,4/7/20,5/6/20
Alaska,524,2/21/21,4/5/20,3/25/21,2/21/21,4/4/20,3/24/21,4/4/20,4/4/20,3/23/21,2034,169,1351,115,683,54,3/28/20,,3/28/20,4/24/20,3/16/20,,3/24/20,5/22/20,3/17/20,5/22/20,3/28/20,4/24/20
Albania,43,1/12/21,12/20/20,2/3/21,1/11/21,12/19/20,2/3/21,1/11/21,12/19/20,2/3/21,7733,213,3831,71,3902,142,3/14/20,6/1/20,3/12/20,6/1/20,3/8/20,9/15/20,3/12/20,,3/11/20,,3/14/20,4/20/20
Alberta,43858,2/3/21,1/4/21,3/12/21,2/3/21,1/2/21,3/11/21,2/2/21,1/2/21,3/11/21,,,,,,,,,,,3/16/20,,3/12/20,,3/18/20,,,
Algeria,139,2/25/21,2/4/21,3/27/21,2/25/21,2/4/21,3/27/21,2/25/21,2/4/21,3/26/21,69667,3157,44329,1958,25338,1199,,,,,3/12/20,,3/17/20,,3/22/20,,,
Amapá,4753,5/23/20,5/23/20,5/23/20,5/17/20,5/17/20,5/17/20,5/17/20,5/17/20,5/17/20,902,39,707,33,195,6,,,5/19/20,,3/18/20,,3/20/20,,3/20/20,,4/4/20,6/16/20
Amazonas,4752,5/9/20,5/9/20,5/9/20,5/11/20,5/11/20,5/11/20,5/11/20,5/11/20,5/11/20,4795,266,3753,228,1042,38,4/6/20,6/1/20,,,3/16/20,,3/31/20,,3/19/20,,3/24/20,6/1/20
Andalucia,60357,3/28/20,3/28/20,4/17/21,3/28/20,3/28/20,4/15/21,3/28/20,3/28/20,1/18/21,,,,,,,,,3/15/20,5/18/20,3/14/20,,3/15/20,,3/15/20,,3/15/20,4/13/20
Andhra Pradesh,4841,8/27/20,8/27/20,4/7/21,8/31/20,8/31/20,4/6/21,8/31/20,8/31/20,8/31/20,,,,,,,3/22/20,5/21/20,3/22/20,6/1/20,3/18/20,,3/22/20,,3/22/20,,3/22/20,5/21/20
Andorra,74,11/12/20,10/23/20,11/16/20,4/5/20,4/5/20,11/16/20,4/4/20,4/4/20,4/4/20,235,5,181,3,54,2,,,,,3/16/20,9/14/20,,,3/13/20,,3/16/20,4/20/20
Angola,168,9/11/21,12/2/20,10/2/21,9/11/21,12/2/20,10/2/21,9/11/21,12/2/20,10/2/21,22528,321,15365,215,7163,106,3/27/20,5/25/20,3/27/20,5/25/20,3/24/20,,3/24/20,,3/27/20,,3/27/20,5/25/20
Aragon,60358,4/6/20,4/6/20,11/22/20,4/8/20,4/8/20,4/8/20,4/7/20,4/7/20,4/7/20,,,,,,,,,3/15/20,5/11/20,3/14/20,,3/15/20,,3/15/20,,3/15/20,4/13/20
Argentina,97,11/7/20,10/21/20,11/14/20,11/7/20,10/21/20,11/14/20,11/7/20,10/21/20,11/14/20,200702,8498,148564,4592,52138,3906,3/20/20,4/27/20,3/20/20,,3/16/20,,3/15/20,,3/20/20,,3/20/20,
Arizona,525,7/20/20,7/20/20,12/8/20,7/20/20,7/20/20,11/30/20,7/21/20,7/21/20,7/21/20,16342,1440,10324,932,6018,508,,,3/30/20,5/16/20,3/16/20,,3/30/20,5/16/20,3/30/20,5/16/20,,
Arkansas,526,12/20/20,11/17/20,2/27/21,12/20/20,11/17/20,2/27/21,12/19/20,11/17/20,2/27/21,11243,914,6237,519,5006,395,,,,,3/17/20,8/24/20,3/27/20,6/18/20,3/19/20,,,
Armenia,33,11/25/20,11/19/20,1/9/21,11/25/20,11/18/20,1/8/21,11/25/20,11/18/20,1/8/21,12772,274,6963,110,5809,164,4/3/20,4/22/20,3/24/20,5/4/20,3/13/20,,3/16/20,,3/24/20,,3/24/20,4/23/20
Arunachal Pradesh,4842,1/18/21,1/3/21,3/30/21,1/18/21,1/3/21,3/30/21,1/18/21,1/3/21,3/29/21,,,,,,,3/23/20,5/4/20,3/23/20,6/1/20,3/17/20,,3/23/20,,3/17/20,,3/17/20,5/4/20
Assam,4843,3/30/21,9/16/20,5/2/21,3/29/21,9/16/20,5/2/21,3/29/21,9/16/20,5/1/21,,,,,,,3/24/20,5/5/20,3/24/20,6/1/20,3/15/20,,3/24/20,,3/24/20,,3/24/20,4/21/20
Asturias,60365,1/10/21,11/24/20,2/3/21,1/10/21,11/24/20,2/3/21,1/10/21,11/24/20,2/3/21,,,,,,,,,3/15/20,5/11/20,3/14/20,,3/15/20,,3/15/20,,3/15/20,4/13/20
Australia,71,8/16/20,8/16/20,8/16/20,4/6/20,4/6/20,4/6/20,4/6/20,4/6/20,4/6/20,92409,2293,73436,1727,18973,566,,,,,,,3/20/20,,3/23/20,,,
Austria,75,1/10/21,12/12/20,2/6/21,1/8/21,12/12/20,2/6/21,1/8/21,12/12/20,2/6/21,64896,2535,51748,1853,13148,682,,,3/16/20,5/1/20,3/16/20,6/3/20,3/10/20,,3/16/20,7/10/20,3/16/20,4/13/20
Azad Jammu & Kashmir,53615,1/10/21,12/29/20,2/12/21,1/10/21,12/29/20,2/12/21,1/10/21,12/29/20,2/12/21,2009,59,1628,46,381,13,,,3/24/20,5/9/20,3/13/20,,3/24/20,,3/24/20,,3/24/20,4/15/20
Azerbaijan,34,12/24/20,12/15/20,1/26/21,12/24/20,12/14/20,1/26/21,12/24/20,12/14/20,1/26/21,63745,1164,21554,230,42191,934,2/29/20,5/18/20,4/5/20,,3/3/20,,3/24/20,,3/14/20,,3/14/20,5/31/20
Baden-Württemberg,60377,2/11/21,1/5/21,2/23/21,2/10/21,1/4/21,2/23/21,2/10/21,1/4/21,2/23/21,,,,,,,,,3/21/20,5/11/20,3/17/20,,3/21/20,,3/21/20,,3/21/20,4/20/20
Bahamas,106,11/13/20,10/21/20,12/13/20,11/13/20,10/21/20,12/13/20,11/13/20,10/21/20,12/13/20,1136,20,713,12,423,8,3/20/20,6/1/20,3/24/20,6/8/20,3/16/20,,3/16/20,,3/20/20,,3/20/20,6/8/20
Bahia,4754,8/20/20,8/20/20,8/20/20,8/18/20,8/18/20,8/18/20,8/18/20,8/18/20,8/18/20,25205,1354,19641,1160,5564,194,,,,,3/17/20,,3/27/20,,,,,
Bahrain,140,1/26/21,6/24/20,2/19/21,1/26/21,6/25/20,2/23/21,1/25/21,10/18/20,2/23/21,2893,120,1806,72,1087,48,,,,,2/26/20,,3/18/20,,3/18/20,,3/26/20,4/9/20
Baja California,4644,6/10/20,6/10/20,6/10/20,6/8/20,6/8/20,6/8/20,6/8/20,6/8/20,6/8/20,3655,165,2440,135,1215,30,,,6/22/20,,3/19/20,,3/18/20,,3/23/20,,3/30/20,
Baja California Sur,4645,8/14/20,8/14/20,8/14/20,8/11/20,8/11/20,8/11/20,8/11/20,8/11/20,8/11/20,843,40,594,33,249,7,,,6/23/20,,3/19/20,,3/16/20,,3/23/20,,3/30/20,
Balearic Islands,60363,1/30/21,11/27/20,3/29/21,1/30/21,11/22/20,3/29/21,1/30/21,4/4/20,3/26/21,,,,,,,,,3/15/20,5/11/20,3/14/20,,3/15/20,,3/15/20,,3/15/20,4/13/20
Balochistan,53616,3/1/21,6/20/20,4/23/21,3/1/21,6/16/20,4/23/21,3/1/21,6/17/20,4/22/21,6767,201,5511,159,1256,42,,,3/24/20,5/9/20,2/27/20,,3/24/20,,3/24/20,,3/24/20,4/15/20
Bangladesh,161,4/8/21,3/16/21,5/5/21,4/7/21,3/16/21,5/5/21,4/7/21,7/11/20,5/4/21,88859,923,71494,726,17365,197,3/16/20,6/1/20,3/26/20,6/1/20,3/17/20,,3/19/20,,3/26/20,,3/26/20,5/5/20
Barbados,107,4/13/20,4/13/20,12/26/21,4/12/20,4/12/20,4/12/20,4/12/20,4/12/20,4/12/20,1779,24,1078,14,701,10,,,4/3/20,5/4/20,3/25/20,6/15/20,3/17/20,,3/28/20,6/22/20,3/28/20,5/4/20
Basilicata,35511,1/15/21,4/13/20,3/28/21,4/5/20,4/5/20,3/16/21,4/1/20,4/1/20,1/29/21,2034,42,1578,29,456,13,3/22/20,5/4/20,3/11/20,6/3/20,3/5/20,9/14/20,3/11/20,,3/11/20,6/15/20,3/11/20,4/14/20
Basque Country,60374,3/29/20,3/29/20,3/11/21,4/2/20,4/2/20,3/4/21,4/1/20,4/1/20,1/6/21,,,,,,,,,3/15/20,5/11/20,3/14/20,,3/15/20,,3/15/20,6/18/20,3/15/20,4/13/20
Bavaria,60378,2/8/21,12/30/20,2/23/21,2/7/21,12/29/20,2/23/21,2/7/21,12/29/20,2/23/21,,,,,,,,,3/21/20,5/6/20,3/16/20,,3/21/20,,3/17/20,,3/21/20,4/27/20
Beijing,492,5/19/21,2/21/20,6/6/21,5/19/21,2/21/20,6/6/21,5/19/21,2/21/20,6/6/21,84724,1089,55022,779,29702,310,1/31/20,4/15/20,1/31/20,4/15/20,1/31/20,4/15/20,1/31/20,4/15/20,1/31/20,4/15/20,1/31/20,4/15/20
Belarus,57,2/1/21,1/16/21,2/22/21,2/1/21,1/16/21,2/22/21,2/1/21,1/16/21,2/22/21,96109,1513,82701,1146,13408,367,,,,,,,,,,,,
Belgium,76,12/8/20,11/17/20,2/20/21,12/6/20,4/7/20,2/18/21,4/6/20,4/6/20,2/15/21,65254,1897,52282,1393,12972,504,,,3/18/20,6/8/20,3/14/20,9/1/20,3/13/20,,3/13/20,,3/18/20,5/11/20
Benin,200,4/12/21,7/7/20,12/26/21,4/12/21,7/12/20,12/26/21,4/12/21,7/12/20,12/26/21,5680,40,3236,21,2444,19,,,,,3/30/20,,3/18/20,,,,,
Berlin,60379,2/16/21,1/21/21,4/1/21,2/16/21,1/21/21,4/1/21,2/16/21,1/21/21,4/1/21,,,,,,,,,3/23/20,5/9/20,3/23/20,5/29/20,3/23/20,,3/14/20,,3/23/20,4/22/20
Bihar,4844,3/8/21,2/23/21,5/3/21,3/8/21,2/23/21,5/2/21,3/8/21,2/23/21,5/2/21,,,,,,,3/23/20,5/19/20,3/23/20,6/1/20,3/13/20,,3/23/20,,3/23/20,,3/23/20,5/8/20
Bolivia (Plurinational State of),121,7/5/20,7/5/20,7/5/20,7/23/20,7/23/20,7/23/20,7/23/20,7/23/20,7/23/20,17173,268,9994,210,7179,58,3/27/20,,3/26/20,,3/12/20,,3/12/20,,3/16/20,,3/20/20,7/1/20
Bosnia and Herzegovina,44,11/22/20,11/15/20,1/10/21,11/22/20,11/15/20,1/10/21,11/22/20,11/15/20,1/10/21,10093,271,7225,161,2868,110,3/19/20,5/29/20,3/22/20,5/21/20,3/12/20,,3/18/20,,3/18/20,,3/20/20,4/29/20
Brandenburg,60380,2/15/21,4/23/20,4/11/21,2/14/21,4/19/20,4/10/21,2/14/21,4/16/20,4/9/21,,,,,,,,,3/17/20,5/9/20,3/18/20,5/25/20,3/17/20,,3/17/20,,3/17/20,4/22/20
Brazil,135,5/24/20,5/24/20,5/24/20,7/29/20,7/29/20,7/29/20,7/29/20,7/29/20,7/29/20,392069,28967,303633,24750,88436,4217,,,,,3/24/20,,,,,,,
Bremen,60381,3/6/21,4/10/20,4/19/21,3/5/21,4/9/20,4/19/21,3/5/21,4/8/20,4/18/21,,,,,,,,,3/22/20,5/14/20,3/16/20,5/25/20,3/22/20,,3/20/20,,3/20/20,4/20/20
British Columbia,43859,6/29/20,6/29/20,4/25/21,3/29/21,6/29/20,4/23/21,3/22/20,3/22/20,4/23/21,,,,,,,,,,,3/17/20,6/1/20,3/16/20,,3/20/20,,,
Bulgaria,45,12/19/20,11/25/20,1/19/21,12/16/20,11/25/20,1/18/21,12/16/20,11/25/20,1/18/21,47113,1930,32288,1078,14825,852,3/21/20,,3/17/20,5/3/20,3/13/20,9/15/20,3/13/20,,3/13/20,,3/13/20,5/6/20
Burkina Faso,201,4/13/21,4/5/20,5/22/21,4/13/21,10/8/20,5/24/21,4/13/21,10/8/20,5/23/21,13487,85,7836,47,5651,38,,,,,3/16/20,,3/13/20,,,,,
Cabo Verde,203,1/13/21,10/17/20,2/5/21,1/13/21,10/8/20,2/4/21,1/13/21,10/8/20,2/4/21,905,3,486,1,419,2,,,,,3/27/20,,3/16/20,,3/16/20,,,
Calabria,35512,2/17/21,4/5/20,4/27/21,2/15/21,3/26/20,4/26/21,2/15/21,3/26/20,4/26/21,7110,148,5522,105,1588,43,3/22/20,5/4/20,3/11/20,6/3/20,3/5/20,9/24/20,3/11/20,,3/11/20,6/15/20,3/11/20,4/14/20
California,527,2/13/21,1/17/21,4/2/21,2/11/21,1/16/21,4/2/21,2/11/21,1/16/21,4/1/21,85724,6783,59070,4789,26654,1994,,,3/19/20,,3/19/20,,3/11/20,,3/19/20,,3/19/20,
Cameroon,202,5/8/20,5/8/20,4/20/21,6/14/20,6/14/20,5/26/21,6/14/20,6/14/20,5/25/21,37363,170,20922,90,16441,80,,,,,3/18/20,,3/18/20,,,,,
Campania,35509,12/22/20,12/3/20,1/14/21,12/21/20,12/3/20,1/12/21,12/21/20,12/3/20,1/12/21,21550,445,16734,316,4816,129,3/22/20,5/4/20,3/11/20,6/3/20,3/5/20,9/24/20,3/11/20,,3/11/20,6/15/20,3/11/20,4/14/20
Campeche,4646,8/5/20,8/5/20,8/5/20,8/7/20,8/7/20,8/7/20,8/7/20,8/7/20,8/7/20,921,32,578,25,343,7,,,6/22/20,,3/18/20,,3/19/20,,3/30/20,,3/30/20,
Canada,101,1/30/21,6/17/20,2/25/21,1/28/21,12/7/20,3/1/21,1/28/21,5/4/20,2/27/21,86460,4048,78677,3410,7783,638,,,,,3/23/20,,3/23/20,,,,,
Canary Islands,60364,2/5/21,1/8/21,3/30/21,2/5/21,1/8/21,3/30/21,2/5/21,1/8/21,3/30/21,,,,,,,,,3/15/20,5/11/20,3/14/20,,3/15/20,,3/15/20,,3/15/20,4/13/20
Cantabria,60359,3/30/20,3/30/20,1/6/21,4/10/20,4/10/20,1/13/21,4/8/20,4/8/20,12/15/20,,,,,,,,,3/15/20,5/11/20,3/14/20,,3/15/20,,3/15/20,6/22/20,3/15/20,4/13/20
Castile and León,60367,4/1/20,4/1/20,11/17/20,4/3/20,4/3/20,11/17/20,4/2/20,4/2/20,11/16/20,,,,,,,,,3/15/20,5/25/20,3/14/20,,3/15/20,,3/15/20,,3/15/20,4/13/20
Castilla-La Mancha,60360,3/31/20,3/31/20,3/31/20,4/3/20,4/3/20,4/3/20,4/2/20,4/2/20,4/2/20,,,,,,,,,3/15/20,5/18/20,3/14/20,,3/15/20,,3/15/20,,3/15/20,4/13/20
Catalonia,60368,4/1/20,4/1/20,4/1/20,4/3/20,4/3/20,4/3/20,4/1/20,4/1/20,4/1/20,,,,,,,,,3/15/20,5/25/20,3/14/20,,3/11/20,,3/12/20,6/22/20,3/15/20,5/25/20
Ceará,4755,5/25/20,5/25/20,5/25/20,6/10/20,6/10/20,6/10/20,6/10/20,6/10/20,6/10/20,16011,767,12435,656,3576,111,,,5/5/20,,3/16/20,,3/16/20,,3/20/20,,3/20/20,6/8/20
Central African Republic,169,4/22/21,6/23/20,6/25/21,4/22/21,6/29/20,12/26/21,4/21/21,6/25/20,12/26/21,5588,68,3840,46,1748,22,,,,,3/27/20,,3/13/20,,3/26/20,,,
Chad,204,4/14/21,5/16/20,5/19/21,4/14/21,9/29/20,5/18/21,4/13/21,9/29/20,5/18/21,8240,55,3110,17,5130,38,,,,,3/20/20,,3/19/20,,3/23/20,,,
Chhattisgarh,4846,2/18/21,1/31/21,3/15/21,2/18/21,1/30/21,3/15/21,2/17/21,1/30/21,3/15/21,,,,,,,3/25/20,5/28/20,3/21/20,6/1/20,3/13/20,,3/21/20,,3/21/20,,3/21/20,5/18/20
Chiapas,4649,2/11/21,7/1/20,3/25/21,2/11/21,7/2/20,4/2/21,2/11/21,7/2/20,4/2/21,4917,301,3550,257,1367,44,,,6/22/20,,3/22/20,,3/15/20,,3/23/20,,3/30/20,
Chihuahua,4650,11/17/20,11/14/20,12/16/20,11/17/20,11/14/20,12/16/20,11/17/20,11/14/20,12/16/20,4104,215,2912,182,1192,33,,,6/22/20,,3/23/20,,3/25/20,,3/24/20,,3/24/20,
Chile,98,6/25/20,6/25/20,6/25/20,6/29/20,6/29/20,6/29/20,6/29/20,6/29/20,6/29/20,35574,449,26638,399,8936,50,,,,,3/16/20,,3/16/20,,3/21/20,,,
China,6,2/13/20,2/13/20,12/26/21,2/12/20,2/12/20,2/12/20,2/12/20,2/12/20,2/12/20,3816751,54147,2533980,39539,1282771,14608,,,,,,,,,,,,
Chongqing,493,2/10/20,2/10/20,5/19/21,2/10/20,2/10/20,2/10/20,2/9/20,2/9/20,2/9/20,69303,970,45964,707,23339,263,2/8/20,3/24/20,2/8/20,3/24/20,2/8/20,3/24/20,2/8/20,3/24/20,2/8/20,3/24/20,2/8/20,3/24/20
Coahuila,4647,8/11/20,8/11/20,12/16/20,8/11/20,8/11/20,11/22/20,8/11/20,8/11/20,11/22/20,3361,158,2418,135,943,23,,,6/22/20,,3/19/20,,3/18/20,,3/23/20,,3/30/20,
Colima,4648,11/14/20,8/14/20,11/16/20,11/14/20,8/9/20,11/16/20,11/14/20,8/9/20,11/16/20,1112,51,749,42,363,9,,,6/22/20,,3/16/20,,3/16/20,,3/18/20,,3/18/20,
Colombia,125,8/5/20,8/5/20,8/5/20,8/9/20,8/9/20,8/9/20,8/9/20,8/9/20,8/9/20,72096,4308,49022,2427,23074,1881,3/25/20,6/15/20,3/25/20,6/15/20,3/16/20,,3/16/20,,3/19/20,,3/25/20,4/27/20
Colorado,528,2/6/21,1/4/21,4/19/21,2/5/21,1/4/21,4/17/21,2/5/21,12/27/20,4/14/21,12485,1484,7633,929,4852,555,,,3/26/20,5/9/20,3/23/20,,3/19/20,,3/17/20,,3/26/20,5/9/20
Community of Madrid,60361,3/31/20,3/31/20,3/31/20,4/2/20,4/2/20,4/2/20,4/1/20,4/1/20,4/1/20,,,,,,,,,3/15/20,5/25/20,3/11/20,,3/15/20,,3/13/20,,3/13/20,4/13/20
Comoros,176,6/21/20,6/21/20,6/21/20,6/25/20,6/25/20,6/25/20,6/25/20,6/25/20,6/25/20,1235,3,553,1,682,2,,,,,3/20/20,,3/16/20,,,,,
Congo,170,8/4/21,8/12/20,10/8/21,8/4/21,3/27/21,10/8/21,8/5/21,3/27/21,10/9/21,8398,85,5575,55,2823,30,,,3/31/20,5/18/20,3/19/20,,3/19/20,,3/19/20,,3/31/20,5/18/20
Connecticut,529,1/3/21,4/20/20,2/20/21,1/2/21,4/17/20,2/18/21,4/16/20,4/16/20,2/14/21,8501,537,6762,437,1739,100,,,,,3/17/20,,3/12/20,,3/16/20,,3/23/20,5/20/20
Costa Rica,126,9/19/20,9/19/20,2/19/21,9/21/20,9/21/20,2/17/21,9/21/20,9/21/20,2/17/21,5531,181,4571,141,960,40,4/8/20,4/13/20,3/24/20,5/1/20,3/16/20,,3/9/20,,3/23/20,,,
Croatia,46,12/13/20,11/23/20,1/17/21,12/10/20,11/23/20,1/16/21,12/10/20,11/23/20,1/16/21,22164,677,18285,484,3879,193,3/23/20,5/25/20,3/17/20,5/11/20,3/16/20,5/25/20,3/9/20,,3/19/20,8/10/20,3/19/20,4/27/20
Cuba,109,3/19/21,4/26/20,4/26/21,3/19/21,4/24/20,4/26/21,3/19/21,4/24/20,4/26/21,28816,738,12426,100,16390,638,4/11/20,,,,3/24/20,,3/20/20,,3/24/20,,,
Cyprus,77,3/2/21,3/29/20,4/26/21,3/1/21,3/29/20,4/26/21,3/1/21,3/29/20,4/26/21,3724,87,2960,63,764,24,,,3/24/20,5/4/20,3/13/20,5/21/20,3/24/20,,3/24/20,,3/24/20,5/4/20
Czechia,47,11/23/20,11/16/20,2/3/21,11/23/20,11/16/20,2/2/21,11/23/20,11/16/20,2/2/21,71843,1371,51651,823,20192,548,,,3/16/20,4/20/20,3/10/20,,3/10/20,,3/10/20,,3/14/20,4/20/20
Côte d'Ivoire,205,3/28/21,7/5/20,6/5/21,3/28/21,7/12/20,6/5/21,3/28/21,7/12/20,6/5/21,13248,89,7671,49,5577,40,,,,,3/16/20,7/31/20,3/16/20,,3/18/20,7/31/20,,
Delaware,530,1/18/21,4/28/20,3/25/21,1/17/21,4/26/20,3/24/21,4/26/20,4/26/20,2/18/21,2633,166,1937,125,696,41,,,3/24/20,6/1/20,3/16/20,,3/16/20,,3/16/20,,3/24/20,5/8/20
Delhi,4849,6/20/20,6/20/20,1/20/21,6/17/20,6/17/20,1/20/21,6/17/20,6/17/20,1/15/21,,,,,,,3/23/20,4/26/20,3/23/20,6/1/20,3/19/20,,3/23/20,,3/20/20,,3/20/20,4/26/20
Democratic Republic of the Congo,171,8/20/21,6/21/20,10/20/21,8/21/21,7/8/21,10/20/21,8/21/21,7/8/21,10/20/21,81386,1045,55233,697,26153,348,,,,,3/19/20,,3/19/20,,3/19/20,,,
Denmark,78,1/28/21,1/2/21,3/4/21,1/28/21,4/3/20,2/20/21,4/1/20,4/1/20,4/1/20,17031,407,13835,303,3196,104,,,,,3/16/20,9/10/20,3/18/20,,3/18/20,,,
District of Columbia,531,5/7/20,5/7/20,5/5/21,5/1/20,5/1/20,5/4/21,5/7/20,5/7/20,4/21/21,3939,256,2845,189,1094,67,,,3/30/20,5/29/20,3/16/20,,3/13/20,,3/16/20,,3/25/20,5/29/20
Distrito Federal,4756,8/18/20,8/18/20,8/18/20,8/16/20,8/16/20,8/16/20,8/16/20,8/16/20,8/16/20,7800,1034,5959,876,1841,158,,,,,3/12/20,,3/12/20,,3/15/20,,3/19/20,5/27/20
Djibouti,177,5/26/20,5/26/20,3/28/21,2/6/21,5/26/20,4/10/21,2/6/21,5/26/20,4/12/21,1707,6,771,2,936,4,,,3/23/20,5/17/20,3/19/20,,3/22/20,,3/22/20,,3/23/20,5/17/20
Dominican Republic,111,8/11/20,8/11/20,8/11/20,4/12/20,4/12/20,4/12/20,4/12/20,4/12/20,4/12/20,11073,590,4660,365,6413,225,3/19/20,4/13/20,,,3/19/20,,3/25/20,,3/19/20,,3/19/20,5/20/20
Durango,4652,6/30/20,6/30/20,3/6/21,7/23/20,7/23/20,3/7/21,7/23/20,7/23/20,3/7/21,1862,59,1085,44,777,15,,,4/19/20,,3/22/20,,4/2/20,,3/29/20,,3/30/20,
East Asia and Pacific,60898,3/4/21,7/16/20,4/9/21,7/14/20,7/14/20,7/14/20,7/13/20,7/13/20,7/13/20,,,,,,,,,,,,,,,,,,
Ecuador,122,4/7/20,4/7/20,4/7/20,4/8/20,4/8/20,4/8/20,4/8/20,4/8/20,4/8/20,20352,843,10634,570,9718,273,3/18/20,,3/17/20,,3/13/20,,3/15/20,,3/15/20,,3/17/20,
Egypt,141,3/20/21,6/25/20,4/8/21,3/20/21,6/26/20,4/9/21,3/19/21,3/6/21,4/8/21,131170,6525,59949,2648,71221,3877,,,,,3/15/20,,3/9/20,,3/24/20,,,
El Salvador,127,1/13/21,7/2/20,4/3/21,1/13/21,7/23/20,4/3/21,1/13/21,7/23/20,4/3/21,6180,84,4282,56,1898,28,,,3/11/20,6/16/20,3/11/20,,3/11/20,,3/14/20,,,
Emilia-Romagna,35502,12/7/20,11/26/20,2/7/21,12/4/20,11/26/20,2/6/21,12/4/20,11/26/20,2/6/21,15297,331,11857,234,3440,97,3/22/20,5/4/20,3/11/20,6/3/20,3/1/20,9/14/20,3/7/20,,3/7/20,6/15/20,3/11/20,4/14/20
England,4749,12/16/20,12/4/20,2/10/21,12/15/20,12/3/20,2/9/21,12/15/20,4/7/20,2/9/21,151962,5916,127709,4555,24253,1361,,,3/23/20,6/1/20,3/23/20,9/1/20,3/23/20,,3/23/20,,3/23/20,6/1/20
Equatorial Guinea,172,7/7/20,7/7/20,7/7/20,7/12/20,7/12/20,7/6/21,7/12/20,7/12/20,7/2/21,2050,22,1350,14,700,8,,,3/31/20,,3/17/20,,3/17/20,,3/23/20,,3/31/20,6/15/20
Espírito Santo,4757,6/21/20,6/21/20,6/21/20,6/21/20,6/21/20,6/21/20,6/21/20,6/21/20,6/21/20,7292,625,5649,534,1643,91,,,,,3/16/20,,3/17/20,,3/17/20,,3/20/20,
Estonia,58,2/25/21,4/11/20,4/12/21,2/25/21,4/10/20,4/12/21,2/25/21,4/8/20,4/10/21,6451,139,4543,82,1908,57,,,,,3/16/20,5/15/20,3/13/20,,3/13/20,7/1/20,,
Eswatini,197,8/17/21,8/10/20,9/21/21,8/17/21,9/29/20,10/11/21,8/17/21,9/29/20,10/10/21,2214,58,1400,35,814,23,,,3/27/20,6/5/20,3/17/20,,3/17/20,,3/27/20,,3/27/20,4/15/20
Ethiopia,179,4/5/21,8/27/20,5/5/21,4/5/21,3/12/21,5/5/21,4/5/21,3/12/21,5/5/21,19764,123,7809,41,11955,82,,,,,3/16/20,,3/16/20,,3/20/20,,,
Europe and Central Asia,60899,1/11/21,1/2/21,1/20/21,1/11/21,1/2/21,1/20/21,1/11/21,1/2/21,1/20/21,,,,,,,,,,,,,,,,,,
Extremadura,60362,4/1/20,4/1/20,12/23/20,4/3/20,4/3/20,12/3/20,4/2/20,4/2/20,4/2/20,,,,,,,,,3/15/20,5/11/20,3/14/20,,3/15/20,,3/15/20,,3/15/20,4/13/20
Finland,79,3/23/21,2/22/21,5/6/21,3/21/21,4/9/20,5/5/21,3/21/21,4/8/20,5/5/21,25164,478,18530,319,6634,159,3/25/20,5/29/20,,,3/18/20,,3/12/20,,3/18/20,6/1/20,4/4/20,6/1/20
Florida,532,7/21/20,7/21/20,7/21/20,7/21/20,7/21/20,7/21/20,7/21/20,7/21/20,7/21/20,60546,5351,40362,3655,20184,1696,,,4/3/20,5/18/20,3/17/20,,4/3/20,6/5/20,3/17/20,9/25/20,,
France,80,11/25/20,11/16/20,12/9/20,4/7/20,4/7/20,11/20/20,4/7/20,4/7/20,4/7/20,411894,6774,310324,4653,101570,2121,3/17/20,5/11/20,3/18/20,5/11/20,3/13/20,5/25/20,3/4/20,,3/15/20,,3/15/20,5/11/20
Friuli-Venezia Giulia,35501,12/20/20,12/5/20,1/29/21,12/17/20,12/5/20,1/27/21,12/17/20,12/5/20,1/27/21,4138,89,3209,63,929,26,3/22/20,5/4/20,3/11/20,6/3/20,3/5/20,9/14/20,3/11/20,,3/11/20,6/15/20,3/11/20,4/14/20
Gabon,173,8/1/21,5/11/20,10/30/21,8/2/21,6/14/20,11/10/21,8/2/21,6/11/20,11/10/21,2517,26,1664,16,853,10,,,,,3/13/20,,3/13/20,,3/13/20,,,
Galicia,60372,12/12/20,11/25/20,1/8/21,12/10/20,11/25/20,1/8/21,4/4/20,4/4/20,12/23/20,,,,,,,,,3/15/20,5/11/20,3/14/20,,3/15/20,,3/15/20,6/22/20,3/15/20,4/13/20
Gambia,206,8/17/20,8/17/20,4/4/21,3/16/21,9/29/20,4/19/21,3/16/21,9/29/20,4/19/21,2056,9,1163,4,893,5,,,,,3/18/20,,3/18/20,,3/18/20,,3/27/20,7/22/20
Georgia_country?,35,12/12/20,11/17/20,2/18/21,12/10/20,11/17/20,2/17/21,12/11/20,11/17/20,2/17/21,11817,285,4067,57,7750,228,3/24/20,4/27/20,,,3/2/20,,3/23/20,,3/21/20,,3/21/20,4/27/20
Georgia,533,1/8/21,11/25/20,3/5/21,1/7/21,11/24/20,3/4/21,1/7/21,11/23/20,3/4/21,28928,2182,20605,1592,8323,590,,,4/3/20,,3/18/20,,3/24/20,,3/24/20,,,
Germany,81,2/8/21,1/17/21,2/19/21,2/8/21,1/17/21,2/19/21,2/8/21,1/17/21,2/19/21,671448,26560,535200,21339,136248,5221,,,,,,,,,,,,
Ghana,207,4/5/21,8/27/20,4/25/21,4/5/21,2/23/21,4/25/21,4/4/21,2/22/21,4/24/21,23152,132,13724,75,9428,57,,,,,3/16/20,,3/15/20,,3/24/20,,,
Gilgit-Baltistan,53617,1/25/21,7/18/20,4/20/21,1/25/21,7/19/20,4/20/21,1/25/21,7/19/20,4/18/21,1423,36,1152,28,271,8,,,3/24/20,5/9/20,3/13/20,,3/24/20,,3/24/20,,3/24/20,4/15/20
Global,1,1/21/21,1/11/21,2/11/21,2/4/21,1/13/21,3/1/21,2/1/21,1/11/21,2/27/21,,,,,,,,,,,,,,,,,,
Goa,4850,9/12/20,9/12/20,9/12/20,9/12/20,9/12/20,9/12/20,9/12/20,9/12/20,9/12/20,,,,,,,3/25/20,4/20/20,3/23/20,6/1/20,3/15/20,,3/23/20,,3/15/20,,3/15/20,4/20/20
Goiás,4758,8/28/20,8/28/20,11/15/20,9/26/20,9/26/20,11/14/20,9/26/20,9/26/20,11/14/20,15778,932,12168,794,3610,138,,,,,3/18/20,,3/13/20,,3/17/20,,3/20/20,4/19/20
Greece,82,12/26/20,12/7/20,1/14/21,12/25/20,12/7/20,1/14/21,12/25/20,12/7/20,1/14/21,44335,862,31308,547,13027,315,3/23/20,,3/23/20,5/4/20,3/11/20,9/14/20,3/8/20,,3/12/20,,3/22/20,5/4/20
Guam,351,10/22/20,10/21/20,11/7/20,9/28/20,9/28/20,9/28/20,9/26/20,9/26/20,9/26/20,267,4,160,2,107,2,4/11/20,4/28/20,,,3/17/20,,3/16/20,,3/20/20,,3/20/20,5/7/20
Guanajuato,4653,9/4/20,9/4/20,2/26/21,8/9/20,8/9/20,2/26/21,8/9/20,8/9/20,2/26/21,5923,272,3517,207,2406,65,,,6/22/20,,3/16/20,,3/24/20,,3/23/20,,3/30/20,
Guangdong,496,12/26/21,2/18/20,12/26/21,12/26/21,2/18/20,12/26/21,12/26/21,2/18/20,12/26/21,245194,3924,162584,2862,82610,1062,2/6/20,5/19/20,2/6/20,5/19/20,2/6/20,5/19/20,2/6/20,5/19/20,2/6/20,5/19/20,2/6/20,5/19/20
Guatemala,128,7/5/20,7/5/20,2/10/21,7/23/20,7/23/20,2/12/21,7/23/20,7/23/20,2/12/21,9630,403,6853,281,2777,122,,,,,3/16/20,,3/16/20,,3/17/20,,3/17/20,
Guerrero,4654,6/16/20,6/16/20,6/16/20,6/13/20,6/13/20,6/13/20,6/13/20,6/13/20,6/13/20,2839,92,1383,60,1456,32,,,6/22/20,,3/22/20,,3/24/20,,3/23/20,,4/4/20,
Guinea,208,3/30/21,8/28/20,6/5/21,3/30/21,2/26/21,6/5/21,3/30/21,2/26/21,6/5/21,4593,35,2723,19,1870,16,,,,,3/26/20,9/1/20,3/26/20,,3/26/20,,,
Guinea-Bissau,209,2/26/21,6/28/20,4/18/21,2/26/21,6/29/20,4/18/21,2/26/21,6/29/20,4/18/21,1757,9,1011,4,746,5,,,3/28/20,,3/17/20,,3/15/20,,3/15/20,,4/3/20,
Gujarat,4851,3/30/21,3/13/21,4/18/21,3/29/21,3/12/21,4/18/21,3/29/21,3/12/21,4/18/21,,,,,,,3/24/20,5/18/20,3/24/20,6/1/20,3/16/20,,3/24/20,,3/24/20,,3/24/20,4/24/20
Guyana,113,10/5/20,10/5/20,2/20/21,10/4/20,10/4/20,2/20/21,10/4/20,10/4/20,2/20/21,1583,18,1417,16,166,2,,,5/4/20,,3/16/20,,4/2/20,,4/2/20,,5/4/20,
Hainan,499,5/18/21,2/10/20,5/26/21,2/7/20,2/7/20,5/26/21,2/6/20,2/6/20,5/26/21,21601,332,14536,245,7065,87,2/5/20,2/25/20,2/5/20,2/25/20,2/5/20,2/25/20,2/5/20,2/25/20,2/5/20,2/25/20,2/5/20,2/25/20
Haiti,114,6/12/20,6/12/20,5/3/21,6/12/20,6/12/20,5/4/21,6/12/20,6/12/20,5/4/21,10096,147,6849,100,3247,47,,,,,3/20/20,8/17/20,3/20/20,,3/20/20,,,
Hamburg,60382,2/17/21,5/3/20,4/22/21,2/16/21,5/2/20,4/20/21,2/16/21,4/14/20,4/18/21,,,,,,,,,3/22/20,5/4/20,3/16/20,7/1/20,3/22/20,,3/15/20,,,
Haryana,4852,3/10/21,9/16/20,4/1/21,3/9/21,9/16/20,3/31/21,3/9/21,9/16/20,3/30/21,,,,,,,3/24/20,5/16/20,3/24/20,6/1/20,3/16/20,,3/20/20,,3/16/20,,3/16/20,4/20/20
Hawaii,534,2/27/21,8/30/20,4/23/21,2/26/21,8/30/20,4/21/21,8/31/20,8/31/20,4/17/21,3467,173,2510,128,957,45,,,3/25/20,6/10/20,3/19/20,,3/17/20,,3/17/20,,3/25/20,5/1/20
Hebei,500,12/26/21,2/15/20,12/26/21,2/15/20,2/15/20,12/26/21,2/14/20,2/14/20,12/26/21,197631,2861,131952,2099,65679,762,2/7/20,3/24/20,2/7/20,3/24/20,2/7/20,3/24/20,2/7/20,3/24/20,2/7/20,3/24/20,2/7/20,3/24/20
Heilongjiang,501,2/10/20,2/10/20,2/10/20,2/10/20,2/10/20,2/10/20,2/8/20,2/8/20,2/8/20,117836,1592,78059,1160,39777,432,2/6/20,3/9/20,2/6/20,3/9/20,2/6/20,3/9/20,2/6/20,3/9/20,2/6/20,3/9/20,2/6/20,3/9/20
Hesse,60383,1/29/21,1/6/21,2/21/21,1/28/21,1/3/21,2/21/21,1/28/21,1/3/21,2/21/21,,,,,,,,,3/22/20,5/9/20,3/16/20,,3/22/20,,3/15/20,,,
Hidalgo,4655,6/30/20,6/30/20,1/15/21,8/9/20,8/9/20,1/17/21,8/9/20,8/9/20,1/17/21,2273,106,1351,80,922,26,,,6/22/20,,3/22/20,,3/24/20,,3/29/20,,3/30/20,
Himachal Pradesh,4853,2/19/21,1/24/21,3/28/21,2/18/21,1/21/21,3/28/21,2/18/21,1/13/21,3/28/21,,,,,,,3/23/20,4/20/20,3/23/20,6/1/20,3/14/20,,3/23/20,,3/23/20,,3/23/20,4/20/20
Honduras,129,7/20/20,7/20/20,7/20/20,7/20/20,7/20/20,7/20/20,7/20/20,7/20/20,7/20/20,7783,85,6811,76,972,9,3/16/20,,3/19/20,,3/13/20,,3/14/20,,3/16/20,,3/16/20,
Hong Kong Special Administrative Region of China,354,3/8/21,8/4/20,5/16/21,3/8/21,7/30/20,5/13/21,7/30/20,7/30/20,5/9/21,39530,297,25314,210,14216,87,,,,,,,,,,,,
Hubei,503,2/13/20,2/13/20,4/15/21,2/12/20,2/12/20,2/12/20,2/12/20,2/12/20,2/12/20,150521,2133,99606,1553,50915,580,2/10/20,3/14/20,2/10/20,3/14/20,2/10/20,3/14/20,2/10/20,3/14/20,2/10/20,3/14/20,2/10/20,3/14/20
Hungary,48,12/6/20,11/19/20,12/24/20,12/5/20,11/19/20,12/23/20,12/5/20,11/19/20,12/23/20,66853,1262,47151,737,19702,525,,,3/28/20,5/18/20,3/16/20,9/1/20,3/12/20,,3/12/20,,3/16/20,5/18/20
Iceland,83,4/4/20,4/4/20,4/3/21,4/2/20,4/2/20,2/24/21,4/2/20,4/2/20,4/2/20,1199,25,960,18,239,7,,,,,3/16/20,5/4/20,3/16/20,,3/24/20,5/25/20,,
Idaho,535,1/31/21,11/20/20,2/23/21,12/4/20,11/20/20,2/21/21,12/4/20,11/20/20,2/20/21,3951,338,2133,187,1818,151,,,3/25/20,5/1/20,3/23/20,,3/25/20,5/1/20,3/25/20,6/13/20,3/25/20,5/1/20
Illinois,536,12/16/20,11/27/20,1/5/21,12/15/20,11/27/20,1/5/21,4/17/20,4/17/20,12/15/20,36072,2910,21520,1779,14552,1131,,,3/21/20,5/29/20,3/17/20,,3/13/20,,3/16/20,,3/21/20,5/1/20
India,163,2/20/21,1/26/21,3/15/21,2/19/21,1/26/21,3/14/21,2/19/21,1/26/21,3/14/21,,,,,,,3/25/20,,3/25/20,6/9/20,3/25/20,,3/25/20,,3/16/20,,3/25/20,5/21/20
Indiana,537,12/7/20,11/20/20,12/23/20,12/6/20,11/19/20,12/23/20,12/6/20,11/19/20,12/23/20,20450,1763,11965,1057,8485,706,,,3/25/20,5/18/20,3/19/20,,3/12/20,,3/16/20,9/26/20,3/24/20,5/18/20
Indonesia,11,7/16/20,7/16/20,7/16/20,7/14/20,7/14/20,7/14/20,7/13/20,7/13/20,7/13/20,224864,7085,128396,4443,96468,2642,,,,,3/16/20,,3/16/20,,,,,
Iowa,538,12/22/20,11/17/20,2/16/21,12/20/20,11/17/20,2/15/21,5/8/20,11/16/20,2/11/21,9866,584,5569,337,4297,247,,,,,4/4/20,,3/17/20,6/12/20,3/17/20,10/16/20,3/17/20,5/8/20
Iran (Islamic Republic of),142,12/16/20,12/6/20,12/28/20,12/16/20,12/6/20,12/28/20,12/16/20,12/6/20,12/28/20,123318,7286,78159,4498,45159,2788,3/19/20,4/9/20,,,2/24/20,,2/24/20,5/26/20,3/4/20,,,
Iraq,143,2/2/21,6/25/20,2/13/21,2/2/21,1/24/21,2/15/21,2/2/21,1/23/21,2/14/21,49500,2643,31923,1665,17577,978,,,3/17/20,4/21/20,2/27/20,,2/25/20,,2/27/20,,,
Ireland,84,1/19/21,12/15/20,2/13/21,1/17/21,12/15/20,2/12/21,1/17/21,12/15/20,2/12/21,16251,291,14678,238,1573,53,,,3/27/20,5/18/20,3/12/20,8/31/20,3/12/20,,3/15/20,,3/24/20,5/18/20
Islamabad Capital Territory,53618,12/28/20,12/15/20,1/26/21,12/28/20,12/15/20,1/26/21,12/28/20,12/15/20,1/26/21,2567,52,2022,40,545,12,,,3/21/20,5/9/20,3/13/20,,3/21/20,,3/21/20,,3/21/20,4/15/20
Israel,85,1/23/21,12/23/20,3/25/21,1/23/21,12/26/20,3/26/21,1/23/21,12/28/20,3/26/21,39265,429,36491,347,2774,82,,,3/25/20,4/19/20,3/12/20,6/1/20,3/4/20,,3/15/20,,3/25/20,5/3/20
Italy,86,12/23/20,12/2/20,1/28/21,12/20/20,11/30/20,1/26/21,12/20/20,4/1/20,1/26/21,212112,4507,164478,3197,47634,1310,,,,,,,,,,,,
Jalisco,4656,7/5/20,7/5/20,2/10/21,12/8/20,7/6/20,2/18/21,12/8/20,7/6/20,2/18/21,9406,348,6535,292,2871,56,,,4/19/20,,3/16/20,,3/24/20,,3/23/20,,3/30/20,
Jamaica,115,10/2/20,10/2/20,2/26/21,9/30/20,9/30/20,2/26/21,9/30/20,9/30/20,2/26/21,4523,108,2885,68,1638,40,,,,,3/13/20,,3/18/20,,3/18/20,,,
Jammu & Kashmir and Ladakh,4854,3/7/21,9/22/20,3/27/21,3/7/21,9/23/20,3/25/21,3/6/21,9/20/20,3/23/21,,,,,,,3/22/20,,3/22/20,6/9/20,3/11/20,,3/22/20,,3/22/20,,3/22/20,5/17/20
Japan,67,3/5/21,2/15/21,4/9/21,3/5/21,5/3/20,4/9/21,3/5/21,5/3/20,4/9/21,1515395,6763,1174563,4972,340832,1791,,,,,3/2/20,6/2/20,,,,,,
Jharkhand,4855,3/31/21,8/31/20,4/28/21,3/30/21,8/31/20,4/28/21,3/30/21,8/31/20,4/26/21,,,,,,,3/23/20,5/19/20,3/23/20,6/1/20,3/17/20,,3/23/20,,3/23/20,,3/23/20,4/20/20
Jordan,144,12/10/20,11/19/20,1/16/21,12/10/20,11/19/20,1/15/21,12/10/20,11/19/20,1/15/21,17356,819,11568,535,5788,284,3/18/20,4/29/20,3/21/20,4/27/20,3/15/20,,3/14/20,,3/14/20,6/6/20,3/18/20,4/27/20
Kansas,539,1/2/21,11/19/20,2/6/21,1/1/21,11/19/20,2/6/21,4/12/20,4/12/20,1/30/21,11329,678,6518,399,4811,279,,,3/30/20,5/4/20,3/17/20,,3/17/20,5/22/20,3/30/20,6/8/20,,
Karnataka,4856,8/31/20,8/31/20,4/6/21,9/2/20,9/2/20,4/5/21,9/2/20,9/2/20,4/4/21,,,,,,,3/24/20,5/4/20,3/24/20,6/1/20,3/13/20,,3/24/20,,3/13/20,,3/13/20,5/4/20
Kazakhstan,36,7/19/20,7/19/20,3/19/21,7/19/20,7/19/20,3/20/21,7/23/20,7/23/20,3/11/21,124723,4148,110129,3224,14594,924,3/16/20,6/1/20,3/28/20,5/22/20,3/16/20,,3/28/20,,3/16/20,,3/16/20,5/11/20
Kentucky,540,12/18/20,11/23/20,1/21/21,12/17/20,11/23/20,1/21/21,12/17/20,11/23/20,1/21/21,16156,1215,9946,766,6210,449,,,,,3/20/20,,3/19/20,,3/16/20,6/29/20,3/26/20,5/11/20
Kenya,180,2/9/21,1/23/21,3/16/21,2/9/21,1/23/21,3/16/21,2/9/21,1/23/21,3/16/21,60413,551,27457,221,32956,330,,,,,3/20/20,,3/22/20,,3/22/20,,,
Kerala,4857,2/17/21,2/2/21,3/24/21,2/16/21,2/2/21,3/23/21,2/16/21,2/2/21,3/23/21,,,,,,,3/23/20,5/19/20,3/23/20,6/1/20,3/18/20,,3/23/20,,3/23/20,,3/23/20,4/20/20
Khyber Pakhtunkhwa,53619,3/25/21,6/23/20,4/28/21,3/24/21,6/22/20,4/28/21,3/24/21,6/23/20,4/27/21,23948,643,19402,509,4546,134,,,3/22/20,5/9/20,3/13/20,,3/22/20,,3/22/20,,3/22/20,4/15/20
Kuwait,145,5/26/20,5/26/20,2/23/21,2/3/21,5/26/20,3/6/21,2/3/21,1/16/21,3/6/21,10723,409,6953,259,3770,150,5/10/20,,5/10/20,,3/1/20,,3/18/20,,3/14/20,,5/10/20,
Kyrgyzstan,37,12/28/20,7/17/20,2/13/21,12/28/20,7/19/20,2/15/21,12/28/20,7/23/20,2/8/21,32558,658,29268,520,3290,138,,,,,3/16/20,,3/17/20,,3/22/20,,3/22/20,5/1/20
La Rioja,60376,4/3/20,4/3/20,4/3/20,4/6/20,4/6/20,4/6/20,4/4/20,4/4/20,4/4/20,,,,,,,,,3/15/20,5/11/20,3/14/20,,3/15/20,,3/15/20,,3/15/20,4/13/20
Latin America and Caribbean,103,7/1/20,7/1/20,7/1/20,8/8/20,8/8/20,8/8/20,8/8/20,8/8/20,8/8/20,,,,,,,,,,,,,,,,,,
Latvia,59,2/22/21,10/21/20,4/14/21,2/22/21,10/21/20,4/14/21,2/21/21,10/21/20,4/13/21,11656,229,8297,138,3359,91,,,,,3/12/20,9/1/20,3/13/20,,,,,
Lazio,35506,12/6/20,11/23/20,12/21/21,12/4/20,11/23/20,12/24/21,12/4/20,11/23/20,12/24/21,19268,417,14953,296,4315,121,3/22/20,5/4/20,3/11/20,6/3/20,3/5/20,9/14/20,3/11/20,,3/11/20,6/15/20,3/11/20,4/14/20
Lebanon,146,1/10/21,12/3/20,3/4/21,1/9/21,12/3/20,3/5/21,1/9/21,12/3/20,3/4/21,15959,561,9807,333,6152,228,,,3/15/20,5/4/20,3/3/20,,3/15/20,,3/15/20,,3/15/20,5/4/20
Liberia,210,7/12/20,7/12/20,7/12/20,7/12/20,7/12/20,5/2/21,7/12/20,7/12/20,7/12/20,3397,20,1942,10,1455,10,,,,,3/16/20,,3/21/20,,3/21/20,,4/14/20,5/22/20
Libya,147,1/9/21,12/8/20,2/20/21,1/8/21,12/8/20,2/20/21,1/8/21,12/8/20,2/20/21,23956,549,14860,330,9096,219,,,,,3/16/20,,3/22/20,,3/22/20,,,
Liguria,35496,11/17/20,11/13/20,12/19/21,4/1/20,4/1/20,2/18/21,4/1/20,4/1/20,2/9/21,5239,113,4065,80,1174,33,3/22/20,5/4/20,3/11/20,6/3/20,3/5/20,9/14/20,3/11/20,,3/11/20,6/15/20,3/11/20,4/14/20
Lithuania,60,2/1/21,10/23/20,3/31/21,2/1/21,10/21/20,3/31/21,2/1/21,10/21/20,3/31/21,18568,351,13580,219,4988,132,,,3/15/20,4/29/20,3/16/20,9/1/20,3/15/20,,3/14/20,6/16/20,3/15/20,4/15/20
Lombardia,35497,12/1/20,4/3/20,12/21/21,11/28/20,3/31/20,2/8/21,4/1/20,4/1/20,2/6/21,33545,727,25993,515,7552,212,3/8/20,5/4/20,3/8/20,6/3/20,3/1/20,9/14/20,2/22/20,,2/22/20,6/15/20,3/8/20,4/14/20
Louisiana,541,4/10/20,4/10/20,1/16/21,4/7/20,4/7/20,4/7/20,4/7/20,4/7/20,4/7/20,18060,1242,10855,765,7205,477,,,3/23/20,5/15/20,3/16/20,,3/13/20,5/15/20,3/17/20,,3/22/20,5/1/20
Lower Saxony,60384,2/19/21,1/29/21,3/28/21,2/18/21,1/28/21,3/28/21,2/18/21,1/28/21,3/27/21,,,,,,,,,3/23/20,5/11/20,3/16/20,,3/23/20,,3/27/20,,3/27/20,4/20/20
Luxembourg,87,1/5/21,4/5/20,3/21/21,4/5/20,4/5/20,3/11/21,4/1/20,4/1/20,2/17/21,2975,55,2107,35,868,20,,,,,3/16/20,5/25/20,3/13/20,,3/18/20,7/16/20,3/18/20,4/20/20
Madagascar,181,7/23/20,7/23/20,9/29/21,9/29/20,9/29/20,10/24/21,9/29/20,9/29/20,10/22/21,9700,62,4723,27,4977,35,3/21/20,,,,3/20/20,,3/20/20,,3/20/20,,,
Madhya Pradesh,4859,3/24/21,3/8/21,4/18/21,3/23/21,3/7/21,4/18/21,3/23/21,3/7/21,4/18/21,,,,,,,3/23/20,6/1/20,3/23/20,6/1/20,3/14/20,,3/23/20,,3/23/20,,3/23/20,5/19/20
Maharashtra,4860,9/16/20,9/16/20,2/2/21,9/16/20,9/16/20,9/16/20,9/16/20,9/16/20,9/16/20,,,,,,,3/23/20,6/5/20,3/23/20,6/3/20,3/23/20,,3/23/20,,3/23/20,,3/23/20,4/24/20
Maine,542,4/5/21,5/26/20,5/29/21,4/3/21,5/26/20,5/27/21,4/1/21,5/26/20,5/27/21,3814,244,2752,180,1062,64,,,4/2/20,5/31/20,3/16/20,,3/18/20,,3/18/20,,3/25/20,5/1/20
Malawi,182,7/29/20,7/29/20,7/29/20,7/22/20,7/22/20,10/22/21,7/22/20,7/22/20,10/12/21,19486,78,8985,32,10501,46,,,,,3/23/20,,3/23/20,,,,,
Malaysia,13,2/23/21,2/2/21,4/4/21,2/23/21,4/2/20,3/31/21,2/23/21,4/2/20,3/29/21,60104,1088,40229,795,19875,293,3/18/20,6/10/20,3/18/20,6/10/20,3/18/20,,3/13/20,,3/18/20,,3/18/20,6/10/20
Maldives,14,2/2/21,8/16/20,3/7/21,2/2/21,8/16/20,3/6/21,2/2/21,8/17/20,3/5/21,975,18,625,12,350,6,,,4/15/20,,3/14/20,,3/16/20,,3/15/20,,,
Mali,211,5/7/21,5/25/20,6/8/21,5/7/21,5/31/20,6/9/21,5/7/21,5/31/20,6/9/21,6331,55,3771,31,2560,24,,,,,3/19/20,,3/19/20,,3/19/20,,,
Malta,88,1/5/21,12/18/20,3/10/21,1/5/21,12/18/20,3/10/21,1/4/21,12/18/20,3/10/21,2129,39,1746,29,383,10,,,,,3/13/20,,3/3/20,,3/17/20,7/1/20,3/23/20,5/22/20
Manipur,4861,12/29/20,12/18/20,1/18/21,12/29/20,12/18/20,1/18/21,12/29/20,12/18/20,1/18/21,,,,,,,3/23/20,5/4/20,3/23/20,6/1/20,3/13/20,,3/23/20,,3/23/20,,3/23/20,4/21/20
Manitoba,43860,12/10/20,10/23/20,4/6/21,12/9/20,10/24/20,4/4/21,12/9/20,9/29/20,4/4/21,,,,,,,,,,,3/23/20,,3/20/20,,3/20/20,,4/1/20,5/4/20
Maranhão,4759,5/9/20,5/9/20,5/9/20,5/13/20,5/13/20,6/7/21,5/13/20,5/13/20,6/7/21,11926,469,9333,403,2593,66,,,,,3/17/20,,3/21/20,,3/21/20,,3/21/20,
Marche,35505,1/1/21,12/16/20,1/29/21,12/30/20,12/14/20,1/28/21,12/30/20,12/14/20,1/28/21,5491,116,4253,82,1238,34,3/22/20,5/4/20,3/11/20,6/3/20,3/5/20,9/14/20,3/7/20,,3/7/20,6/15/20,3/11/20,4/14/20
Maryland,543,1/28/21,1/5/21,3/11/21,1/26/21,1/5/21,3/11/21,1/26/21,5/9/20,2/28/21,14350,1030,10389,764,3961,266,,,3/30/20,5/15/20,3/16/20,,3/16/20,6/10/20,3/16/20,,3/23/20,5/15/20
Massachusetts,544,4/23/20,4/23/20,4/23/20,4/16/20,4/16/20,4/16/20,4/16/20,4/16/20,4/16/20,20197,1250,15348,973,4849,277,,,,,3/17/20,,3/13/20,,3/17/20,,3/24/20,5/18/20
Mato Grosso,4762,7/19/20,7/19/20,7/19/20,7/29/20,7/29/20,7/29/20,7/29/20,7/29/20,7/29/20,6270,468,4861,400,1409,68,,,3/31/20,,3/23/20,,3/16/20,,3/26/20,,3/26/20,4/22/20
Mato Grosso do Sul,4761,8/28/20,8/28/20,8/28/20,8/28/20,8/28/20,8/28/20,8/28/20,8/28/20,8/28/20,5036,319,3904,272,1132,47,,,,,3/23/20,,3/16/20,,,,,
Mauritania,212,6/9/20,6/9/20,5/12/21,4/19/21,6/9/20,5/17/21,4/19/21,6/9/20,5/17/21,1722,12,992,6,730,6,3/29/20,7/10/20,,,3/16/20,9/1/20,3/19/20,9/5/20,3/19/20,7/7/20,,
Mauritius,183,4/1/20,4/1/20,4/1/20,4/1/20,4/1/20,4/1/20,4/1/20,4/1/20,4/1/20,3302,56,2111,39,1191,17,3/23/20,5/30/20,3/23/20,5/30/20,3/19/20,,3/23/20,6/12/20,3/23/20,6/15/20,3/23/20,6/12/20
Mecklenburg-Vorpommern,60385,3/13/21,4/7/20,4/28/21,3/13/21,4/6/20,4/27/21,3/13/21,4/6/20,4/27/21,,,,,,,,,3/23/20,5/7/20,3/16/20,,3/23/20,,3/18/20,,3/18/20,4/20/20
Meghalaya,4862,1/13/21,1/1/21,2/18/21,1/13/21,1/1/21,2/17/21,1/13/21,1/1/21,2/17/21,,,,,,,3/24/20,5/11/20,3/24/20,6/8/20,3/17/20,,3/24/20,,3/24/20,,3/24/20,4/24/20
Mexico,130,7/1/20,7/1/20,7/1/20,6/12/20,6/12/20,6/12/20,6/12/20,6/12/20,6/12/20,122578,5828,78482,4638,44096,1190,,,,,3/23/20,,3/24/20,,4/4/20,,4/4/20,
Mexico City,4651,6/12/20,6/12/20,6/12/20,6/12/20,6/12/20,6/12/20,6/12/20,6/12/20,6/12/20,16634,943,10350,741,6284,202,,,6/22/20,,3/19/20,,3/16/20,,3/30/20,,4/1/20,6/1/20
Michigan,545,12/15/20,11/25/20,1/6/21,12/15/20,11/24/20,1/6/21,4/12/20,4/12/20,4/12/20,28300,2164,18145,1421,10155,743,,,3/24/20,6/1/20,3/16/20,,3/13/20,,3/16/20,,3/23/20,5/7/20
Michoacán de Ocampo,4658,1/9/21,11/26/20,2/26/21,1/9/21,11/27/20,2/27/21,1/9/21,11/27/20,2/27/21,4464,107,2520,78,1944,29,,,6/22/20,,3/23/20,,3/15/20,,3/23/20,,3/30/20,
Minas Gerais,4760,8/16/20,8/16/20,8/16/20,8/16/20,8/16/20,8/16/20,8/16/20,8/16/20,8/16/20,37510,2847,29032,2431,8478,416,,,,,3/20/20,,3/22/20,,3/22/20,,,
Minnesota,546,12/25/20,12/6/20,1/16/21,12/23/20,12/6/20,1/16/21,12/23/20,12/6/20,1/16/21,15196,1140,10212,785,4984,355,,,3/28/20,5/18/20,3/18/20,,3/28/20,,3/17/20,6/10/20,,
Mississippi,547,12/29/20,11/22/20,2/18/21,8/10/20,11/19/20,2/14/21,8/10/20,8/10/20,11/21/20,14005,862,8272,521,5733,341,,,4/3/20,4/27/20,3/19/20,,3/24/20,,3/24/20,6/1/20,4/3/20,4/27/20
Missouri,548,1/15/21,11/17/20,3/29/21,11/25/20,11/17/20,3/29/21,11/25/20,11/17/20,3/29/21,21575,1586,13642,1027,7933,559,,,4/6/20,5/15/20,3/23/20,,3/23/20,5/4/20,3/23/20,6/16/20,,
Molise,35508,1/2/21,4/4/20,4/19/21,1/2/21,3/29/20,4/13/21,1/2/21,3/29/20,4/3/21,1087,22,844,15,243,7,3/22/20,5/4/20,3/11/20,6/3/20,3/5/20,9/14/20,3/11/20,,3/11/20,6/15/20,3/11/20,4/14/20
Montana,549,1/16/21,11/14/20,2/25/21,1/15/21,11/15/20,2/24/21,1/14/21,11/15/20,2/24/21,4145,219,2475,134,1670,85,,,3/26/20,4/26/20,3/15/20,,3/24/20,6/1/20,3/20/20,6/1/20,3/26/20,5/1/20
Montenegro,50,11/16/20,10/23/20,2/2/21,11/16/20,10/21/20,1/31/21,11/16/20,10/21/20,1/31/21,2335,57,1694,34,641,23,3/17/20,5/4/20,,,3/16/20,,3/13/20,,3/18/20,,3/18/20,5/4/20
Morelos,4659,5/17/20,5/17/20,5/17/20,5/17/20,5/17/20,5/17/20,5/17/20,5/17/20,5/17/20,1506,79,961,63,545,16,,,6/22/20,,3/17/20,,3/20/20,,3/23/20,,3/30/20,
Morocco,148,1/2/21,12/18/20,1/20/21,1/2/21,12/18/20,1/20/21,1/2/21,12/18/20,1/20/21,31279,1851,20558,1191,10721,660,3/20/20,6/25/20,3/18/20,6/25/20,3/16/20,,3/5/20,,3/16/20,,3/16/20,6/25/20
Mozambique,184,9/13/21,9/16/20,10/30/21,9/13/21,9/29/20,10/30/21,9/13/21,9/29/20,10/30/21,20451,97,9706,41,10745,56,,,,,3/23/20,,3/23/20,,3/30/20,,,
Murcia,60366,12/18/20,11/23/20,1/7/21,12/17/20,11/23/20,1/6/21,12/17/20,11/23/20,1/6/21,,,,,,,,,3/15/20,5/11/20,3/14/20,,3/15/20,,3/15/20,,3/15/20,4/13/20
Myanmar,15,2/20/21,2/5/21,3/15/21,2/20/21,2/5/21,3/15/21,2/20/21,2/5/21,3/15/21,33677,378,23019,281,10658,97,3/12/20,,,,3/24/20,,3/13/20,,3/24/20,,,
México,4657,6/26/20,6/26/20,6/26/20,6/26/20,6/26/20,1/5/21,6/26/20,6/26/20,1/5/21,12543,553,7311,416,5232,137,,,4/2/20,,3/22/20,,3/24/20,,3/23/20,,4/2/20,
Nagaland,4864,1/17/21,12/30/20,3/7/21,1/17/21,12/30/20,3/6/21,1/17/21,12/30/20,3/6/21,,,,,,,3/18/20,5/4/20,3/25/20,6/1/20,3/18/20,,3/25/20,,3/18/20,,3/18/20,4/25/20
Namibia,195,8/28/20,8/28/20,10/16/21,9/7/21,9/29/20,11/4/21,9/7/21,9/29/20,11/4/21,6206,145,3852,87,2354,58,,,4/14/20,5/5/20,3/16/20,9/7/20,3/14/20,,4/14/20,,4/14/20,5/5/20
Navarre,60370,3/30/20,3/30/20,3/30/20,3/31/20,3/31/20,3/31/20,4/1/20,4/1/20,4/1/20,,,,,,,,,3/15/20,5/11/20,3/14/20,,3/15/20,,3/15/20,,3/15/20,4/13/20
Nayarit,4660,7/23/20,7/23/20,2/12/21,7/23/20,7/23/20,2/12/21,7/23/20,7/23/20,2/12/21,851,26,539,20,312,6,,,6/22/20,,3/22/20,,3/15/20,,3/23/20,,3/30/20,
Nebraska,550,12/5/20,11/19/20,1/28/21,12/5/20,11/19/20,1/27/21,12/4/20,11/19/20,1/27/21,7413,569,4283,336,3130,233,,,,,4/2/20,,3/16/20,,3/19/20,7/6/20,,
Nepal,164,1/10/21,12/26/20,2/20/21,1/10/21,12/26/20,2/20/21,1/10/21,12/26/20,2/19/21,5699,576,4687,461,1012,115,3/24/20,6/15/20,3/24/20,6/15/20,3/18/20,,3/18/20,,3/18/20,,3/22/20,6/15/20
Netherlands,89,1/16/21,12/11/20,2/13/21,1/15/21,12/10/20,2/13/21,4/1/20,4/1/20,2/10/21,62991,1420,40490,797,22501,623,,,,,3/15/20,8/17/20,3/10/20,,3/12/20,,,
Nevada,551,2/10/21,12/25/20,4/7/21,2/9/21,12/24/20,4/7/21,2/9/21,12/24/20,4/7/21,8006,696,5758,513,2248,183,,,3/31/20,5/9/20,3/16/20,,3/24/20,,3/18/20,,3/21/20,5/9/20
New Hampshire,552,2/19/21,5/15/20,4/9/21,2/19/21,5/15/20,4/8/21,2/18/21,5/14/20,3/9/21,3052,263,2033,179,1019,84,,,3/27/20,6/16/20,3/16/20,,3/16/20,,3/16/20,6/29/20,3/28/20,5/11/20
New Jersey,553,1/10/21,4/15/20,3/9/21,1/9/21,12/6/20,3/20/21,4/21/20,4/21/20,1/11/21,25996,1643,18181,1177,7815,466,,,3/21/20,6/9/20,3/18/20,,3/16/20,,3/16/20,,3/21/20,5/2/20
New Mexico,554,2/8/21,11/30/20,2/18/21,2/7/21,11/30/20,2/18/21,2/7/21,11/29/20,2/17/21,4756,331,3003,214,1753,117,,,,,3/13/20,,3/12/20,,3/16/20,,3/24/20,5/15/20
New York,555,4/12/20,4/12/20,4/6/21,4/7/20,4/7/20,3/4/21,4/7/20,4/7/20,4/7/20,62232,3787,49221,3069,13011,718,,,3/22/20,6/8/20,3/18/20,,3/12/20,,3/16/20,,3/22/20,6/8/20
New Zealand,72,9/30/21,4/17/20,11/19/21,4/16/20,4/16/20,11/7/21,4/19/20,4/19/20,10/28/21,14559,267,11654,202,2905,65,,,3/24/20,5/14/20,3/24/20,5/18/20,3/16/20,6/9/20,3/24/20,6/9/20,3/24/20,4/28/20
Nicaragua,131,3/5/21,2/11/21,4/23/21,3/5/21,2/11/21,4/23/21,3/5/21,2/11/21,4/23/21,5931,209,4132,142,1799,67,,,,,,,,,,,,
Niger,213,4/23/21,5/8/20,6/14/21,4/23/21,5/8/20,6/15/21,4/22/21,5/8/20,6/16/21,5577,52,3361,30,2216,22,,,,,3/17/20,8/14/20,3/13/20,5/25/20,3/18/20,,,
Nigeria,214,5/7/21,7/7/20,6/4/21,5/7/21,7/12/20,6/4/21,5/7/21,7/12/20,6/4/21,189176,1003,107432,541,81744,462,,,,,3/23/20,,,,,,,
North Africa and Middle East,138,12/23/20,12/11/20,1/18/21,12/23/20,12/11/20,1/13/21,12/23/20,12/11/20,1/11/21,,,,,,,,,,,,,,,,,,
North America,44638,1/22/21,12/29/20,2/16/21,1/19/21,12/26/20,2/13/21,1/19/21,4/11/20,2/13/21,,,,,,,,,,,,,,,,,,
North Carolina,556,12/24/20,11/28/20,1/28/21,12/23/20,11/28/20,1/26/21,12/23/20,11/28/20,1/26/21,24713,2096,17587,1528,7126,568,,,3/30/20,5/8/20,3/14/20,,3/14/20,,3/17/20,,3/30/20,5/8/20
North Dakota,557,10/22/20,10/22/20,11/17/20,10/22/20,10/22/20,11/16/20,10/22/20,10/22/20,11/16/20,3779,219,2234,132,1545,87,,,,,3/16/20,,,,3/20/20,,,
North Macedonia,49,11/26/20,11/15/20,12/25/20,11/26/20,11/15/20,12/24/20,11/26/20,11/15/20,12/24/20,8873,209,5364,96,3509,113,,,3/22/20,5/13/20,3/10/20,,3/22/20,,3/14/20,,3/14/20,5/13/20
North Rhine-Westphalia,60386,2/12/21,1/1/21,2/25/21,2/12/21,1/1/21,2/24/21,2/12/21,1/1/21,2/24/21,,,,,,,,,3/23/20,5/11/20,3/16/20,,3/23/20,,2/26/20,,3/23/20,4/20/20
Northern Ireland,433,1/17/21,12/25/20,2/3/21,1/16/21,12/22/20,2/2/21,1/16/21,12/22/20,2/2/21,5618,212,4718,163,900,49,,,3/23/20,6/13/20,3/23/20,8/31/20,3/23/20,,3/23/20,,3/23/20,6/8/20
Norway,90,4/4/21,4/1/20,5/13/21,4/4/21,4/3/20,5/13/21,4/3/21,4/1/20,5/12/21,20357,419,16905,319,3452,100,,,,,3/12/20,5/15/20,3/12/20,,3/12/20,,,
Nova Scotia,43864,5/2/20,5/2/20,5/2/20,5/1/20,5/1/20,5/1/20,5/2/20,5/2/20,5/2/20,,,,,,,,,,,3/16/20,,3/15/20,,3/15/20,,,
Nuevo León,4661,8/10/20,8/10/20,1/19/21,8/9/20,8/9/20,1/2/21,8/9/20,8/9/20,1/2/21,6149,442,4360,375,1789,67,,,6/22/20,,3/22/20,,3/23/20,,3/24/20,,3/30/20,
Oaxaca,4662,6/17/20,6/17/20,3/1/21,2/4/21,6/13/20,3/6/21,2/4/21,6/13/20,3/6/21,3117,69,1678,49,1439,20,,,6/22/20,,3/22/20,,3/12/20,,3/23/20,,3/30/20,
Odisha,4865,2/19/21,2/6/21,3/30/21,2/19/21,2/6/21,3/29/21,2/19/21,2/6/21,3/29/21,,,,,,,3/24/20,5/18/20,3/24/20,6/1/20,3/13/20,,3/24/20,,3/24/20,,3/24/20,5/4/20
Ohio,558,12/26/20,11/29/20,4/7/21,12/23/20,11/29/20,4/6/21,12/22/20,11/29/20,4/6/21,37351,3371,23060,2132,14291,1239,,,3/23/20,5/20/20,3/16/20,,3/12/20,,3/15/20,,3/23/20,5/4/20
Oklahoma,559,12/28/20,11/25/20,1/20/21,12/27/20,11/25/20,1/20/21,12/27/20,11/25/20,1/20/21,13153,1166,7695,699,5458,467,,,,,3/17/20,,3/24/20,5/24/20,4/1/20,6/1/20,4/1/20,4/24/20
Oman,150,12/15/20,10/21/20,1/22/21,12/16/20,10/21/20,1/22/21,12/14/20,10/21/20,1/21/21,7185,171,4343,99,2842,72,,,,,3/15/20,,4/21/20,,3/31/20,10/1/20,,
Ontario,43866,2/6/21,6/17/20,3/16/21,2/5/21,1/12/21,3/26/21,2/5/21,1/9/21,3/23/21,,,,,,,,,,,3/16/20,,3/16/20,,3/16/20,,4/5/20,5/4/20
Oregon,560,2/20/21,1/13/21,4/21/21,2/19/21,1/13/21,4/21/21,2/19/21,1/13/21,4/20/21,7900,655,5242,445,2658,210,,,3/23/20,6/19/20,3/16/20,,3/12/20,,3/17/20,,,
Pakistan,165,2/27/21,1/21/21,4/7/21,2/27/21,1/22/21,4/7/21,2/27/21,6/23/20,4/7/21,120257,3443,97675,2732,22582,711,,,3/24/20,5/9/20,3/15/20,9/30/20,3/24/20,,3/24/20,,3/24/20,4/15/20
Palestine,149,2/15/21,1/10/21,3/24/21,2/15/21,1/15/21,3/24/21,2/15/21,1/14/21,3/24/21,8244,369,5247,228,2997,141,3/22/20,5/29/20,3/22/20,5/29/20,3/16/20,,3/22/20,,3/22/20,,3/22/20,5/5/20
Panama,132,8/8/20,8/8/20,2/6/21,7/16/20,7/16/20,2/2/21,7/16/20,7/16/20,2/2/21,8570,312,4686,158,3884,154,3/13/20,6/1/20,3/25/20,6/1/20,3/16/20,,3/25/20,,3/25/20,,3/25/20,5/13/20
Paraguay,136,10/2/20,10/2/20,11/15/20,9/28/20,9/28/20,9/28/20,9/28/20,9/28/20,9/28/20,7477,624,6023,547,1454,77,,,3/20/20,,3/11/20,,3/10/20,,3/12/20,,3/21/20,5/25/20
Paraná,4765,8/5/20,8/5/20,11/18/20,8/6/20,8/6/20,11/18/20,8/6/20,8/6/20,11/18/20,24672,1896,19026,1616,5646,280,,,,,3/20/20,,3/16/20,,3/16/20,,3/21/20,6/22/20
Paraíba,4764,7/16/20,7/16/20,7/16/20,7/27/20,7/27/20,7/27/20,7/27/20,7/27/20,7/27/20,7370,412,5716,352,1654,60,,,,,3/19/20,,3/17/20,,3/29/20,,,
Pará,4763,5/23/20,5/23/20,5/23/20,5/21/20,5/21/20,5/21/20,5/21/20,5/21/20,5/21/20,12147,612,9493,525,2654,87,4/6/20,,,,3/24/20,,3/27/20,,3/20/20,,3/20/20,
Pennsylvania,561,1/4/21,12/9/20,1/31/21,1/4/21,12/9/20,1/31/21,1/4/21,12/9/20,1/30/21,42658,3250,28263,2206,14395,1044,,,4/1/20,6/5/20,3/17/20,,4/1/20,9/14/20,3/18/20,7/3/20,3/23/20,5/8/20
Pernambuco,4766,5/23/20,5/23/20,5/23/20,5/19/20,5/19/20,5/19/20,5/19/20,5/19/20,5/19/20,18812,1299,14619,1112,4193,187,,,,,3/18/20,,,,3/19/20,,3/20/20,
Peru,123,8/15/20,8/15/20,8/15/20,8/9/20,8/9/20,8/9/20,8/9/20,8/9/20,8/9/20,41162,861,23406,773,17756,88,,,3/16/20,,3/16/20,,3/12/20,,3/16/20,,3/16/20,5/1/20
Philippines,16,3/14/21,8/13/20,4/6/21,4/14/20,4/14/20,3/18/21,5/3/20,5/3/20,5/3/20,93686,2434,63251,1792,30435,642,,,,,3/16/20,,,,,,,
Piaui,4767,7/10/20,7/10/20,7/10/20,7/8/20,7/8/20,7/8/20,7/8/20,7/8/20,7/8/20,6371,230,4947,196,1424,34,,,,,3/16/20,,3/16/20,,3/19/20,,3/23/20,
Piemonte,35494,12/4/20,11/22/20,2/10/21,11/29/20,11/21/20,2/10/21,11/29/20,4/1/20,2/9/21,15287,326,11846,231,3441,95,3/22/20,5/4/20,3/11/20,6/3/20,3/5/20,9/14/20,3/7/20,,3/7/20,6/15/20,3/11/20,4/14/20
Poland,51,12/22/20,11/25/20,1/15/21,12/21/20,11/25/20,1/15/21,12/21/20,11/25/20,1/15/21,202488,9796,146030,5906,56458,3890,,,3/24/20,4/20/20,3/12/20,9/1/20,3/10/20,9/18/20,3/31/20,,,
Portugal,91,12/25/20,12/9/20,1/6/21,12/23/20,12/9/20,1/6/21,12/23/20,12/9/20,1/6/21,34964,766,24030,470,10934,296,4/9/20,5/2/20,3/19/20,5/2/20,3/16/20,9/14/20,3/19/20,,3/16/20,,3/19/20,5/2/20
Provincia autonoma di Bolzano,35498,1/11/21,12/26/20,2/9/21,1/9/21,12/26/20,2/7/21,1/9/21,12/26/20,2/7/21,1744,38,1352,26,392,12,3/22/20,5/4/20,3/11/20,6/3/20,3/5/20,9/14/20,3/11/20,,3/11/20,6/15/20,3/11/20,4/14/20
Provincia autonoma di Trento,35499,1/26/21,4/5/20,2/10/21,4/3/20,4/3/20,1/26/21,4/1/20,4/1/20,4/1/20,1847,40,1431,28,416,12,3/22/20,5/4/20,3/11/20,6/3/20,3/5/20,9/14/20,3/11/20,,3/11/20,6/15/20,3/11/20,4/14/20
Puebla,4663,7/1/20,7/1/20,7/1/20,7/5/20,7/5/20,7/5/20,7/5/20,7/5/20,7/5/20,5773,245,3286,181,2487,64,,,6/22/20,,3/22/20,,3/23/20,,3/29/20,,3/30/20,
Puerto Rico,385,2/14/21,8/2/20,4/3/21,2/14/21,8/4/20,4/3/21,2/14/21,8/4/20,4/3/21,7263,155,4487,95,2776,60,,,3/16/20,6/16/20,3/16/20,,3/12/20,,3/16/20,6/16/20,3/16/20,5/4/20
Puglia,35510,1/5/21,12/8/20,2/6/21,1/3/21,12/8/20,2/6/21,1/3/21,12/8/20,2/6/21,15201,313,11781,221,3420,92,3/22/20,5/4/20,3/11/20,6/3/20,3/5/20,9/24/20,3/11/20,,3/11/20,6/15/20,3/11/20,4/14/20
Punjab,4867,9/11/20,9/11/20,3/20/21,9/12/20,9/12/20,3/19/21,9/12/20,9/12/20,3/13/21,,,,,,,3/23/20,5/20/20,3/23/20,6/1/20,3/19/20,,3/22/20,,3/23/20,,3/23/20,4/30/20
Punjab,53620,2/22/21,1/26/21,4/10/21,2/22/21,1/26/21,4/10/21,2/22/21,6/20/20,4/10/21,51809,1601,42227,1274,9582,327,,,3/24/20,5/9/20,3/15/20,,3/24/20,,3/24/20,,3/24/20,4/15/20
Qatar,151,2/8/21,5/31/20,3/18/21,2/8/21,1/20/21,3/22/21,2/8/21,1/20/21,3/22/21,3721,186,2332,113,1389,73,,,,,3/10/20,,3/14/20,,3/13/20,,3/13/20,6/15/20
Quebec,43868,6/17/20,6/17/20,6/17/20,1/16/21,5/4/20,2/15/21,5/4/20,5/4/20,2/14/21,,,,,,,,,,,3/16/20,9/2/20,3/12/20,,3/15/20,,3/23/20,5/11/20
Querétaro,4664,1/18/21,7/1/20,2/19/21,1/17/21,6/10/20,2/22/21,1/17/21,6/10/20,2/22/21,1718,160,1254,137,464,23,,,6/22/20,,3/15/20,,3/13/20,,3/23/20,,3/30/20,
Quintana Roo,4665,7/23/20,7/23/20,7/23/20,7/23/20,7/23/20,7/23/20,7/23/20,7/23/20,7/23/20,1382,95,1070,84,312,11,,,6/22/20,,3/22/20,,3/24/20,,3/23/20,,3/30/20,
Rajasthan,4868,3/8/21,3/1/21,3/28/21,3/8/21,2/28/21,3/27/21,3/8/21,2/28/21,3/27/21,,,,,,,3/22/20,5/25/20,3/22/20,6/1/20,3/22/20,,3/19/20,,3/22/20,,3/22/20,5/14/20
Republic of Korea,68,4/7/21,3/18/21,5/11/21,4/7/21,3/30/20,5/11/21,4/7/21,3/29/20,5/11/21,435097,9642,289829,5981,145268,3661,,,,,3/2/20,6/8/20,,,3/22/20,,,
Republic of Moldova,61,12/26/20,11/24/20,1/24/21,12/25/20,11/24/20,1/24/21,12/25/20,11/24/20,1/24/21,18319,393,14870,279,3449,114,,,3/25/20,5/16/20,3/11/20,,3/10/20,,3/13/20,,3/16/20,6/1/20
Rhineland-Palatinate,60387,2/27/21,2/1/21,4/9/21,2/26/21,2/1/21,4/9/21,2/26/21,2/1/21,4/9/21,,,,,,,,,3/22/20,5/13/20,3/16/20,,3/22/20,,3/23/20,,3/23/20,4/20/20
Rhode Island,562,12/15/20,11/22/20,3/6/21,5/1/20,5/1/20,2/12/21,5/4/20,5/4/20,5/4/20,2757,153,1962,111,795,42,,,3/28/20,5/9/20,3/16/20,,3/17/20,,3/17/20,,,
Rio Grande do Norte,4769,7/1/20,7/1/20,7/1/20,7/2/20,7/2/20,7/2/20,7/2/20,7/2/20,7/2/20,6557,406,5076,346,1481,60,6/4/20,,,,3/24/20,,4/1/20,,4/1/20,,4/1/20,
Rio Grande do Sul,4772,8/5/20,8/5/20,9/14/21,8/6/20,8/6/20,9/14/21,8/6/20,8/6/20,9/14/21,27493,1582,21064,1343,6429,239,,,,,4/1/20,,3/19/20,,3/19/20,,4/1/20,4/8/20
Rio de Janeiro,4768,5/24/20,5/24/20,5/24/20,5/21/20,5/21/20,5/21/20,5/21/20,5/21/20,5/21/20,34586,3862,26744,3297,7842,565,,,3/30/20,,3/13/20,,3/13/20,,3/16/20,,,
Romania,52,12/17/20,12/1/20,12/30/20,12/16/20,12/1/20,12/30/20,12/16/20,12/1/20,12/30/20,127491,4786,95585,3042,31906,1744,,,3/23/20,5/15/20,3/11/20,,3/6/20,,3/21/20,,3/21/20,5/15/20
Rondônia,4770,6/17/20,6/17/20,6/17/20,7/27/20,7/27/20,7/27/20,7/27/20,7/27/20,7/27/20,3752,201,2902,171,850,30,,,,,3/17/20,,3/20/20,,3/20/20,,3/20/20,
Roraima,4771,6/30/20,6/30/20,6/30/20,7/1/20,7/1/20,7/1/20,7/1/20,7/1/20,7/1/20,1020,24,791,20,229,4,,,,,3/17/20,,3/16/20,,3/22/20,,3/27/20,
Russian Federation,62,1/10/21,12/30/20,1/21/21,1/10/21,12/30/20,1/21/21,1/10/21,12/30/20,1/21/21,1121647,20040,915991,14360,205656,5680,,,,,3/23/20,9/1/20,,,3/30/20,,3/30/20,5/12/20
Rwanda,185,8/24/21,8/28/20,11/14/21,8/24/21,9/29/20,11/16/21,8/24/21,9/29/20,11/17/21,19408,65,8740,25,10668,40,3/21/20,,3/21/20,5/4/20,3/16/20,,3/17/20,,3/21/20,,3/21/20,5/4/20
Saarland,60388,3/1/21,4/18/20,4/8/21,4/16/20,4/16/20,4/3/21,4/16/20,4/16/20,3/24/21,,,,,,,,,3/21/20,5/18/20,3/16/20,,3/21/20,,3/15/20,,,
San Luis Potosí,4666,8/11/20,8/11/20,12/25/20,8/11/20,8/11/20,12/15/20,8/11/20,8/11/20,12/15/20,2540,116,1770,97,770,19,,,6/22/20,,3/22/20,,3/20/20,,3/22/20,,3/30/20,
San Marino,396,3/23/20,3/23/20,3/23/20,3/23/20,3/23/20,3/23/20,3/23/20,3/23/20,3/23/20,147,2,93,1,54,1,,,,,2/23/20,9/7/20,3/8/20,6/15/20,3/8/20,,,
Santa Catarina,4773,8/10/20,8/10/20,8/10/20,8/8/20,8/8/20,8/8/20,8/8/20,8/8/20,8/8/20,14395,783,11070,666,3325,117,,,,,3/19/20,,3/17/20,,3/17/20,,3/17/20,4/13/20
Sao Tome and Principe,215,5/17/20,5/17/20,5/17/20,5/20/20,5/20/20,5/29/21,5/20/20,5/20/20,5/22/21,467,1,251,0,216,1,,,,,3/19/20,,3/19/20,,3/19/20,,,
Sardegna,35514,1/27/21,12/31/20,4/3/21,1/25/21,12/31/20,4/4/21,1/25/21,12/31/20,4/4/21,6016,125,4663,88,1353,37,3/22/20,5/4/20,3/11/20,6/3/20,3/5/20,9/22/20,3/11/20,,3/11/20,6/15/20,3/11/20,4/14/20
Saskatchewan,43869,3/14/21,6/1/20,5/6/21,3/13/21,8/6/20,5/5/21,3/13/21,3/22/20,5/5/21,,,,,,,,,,,3/20/20,,3/13/20,,3/18/20,,,
Saudi Arabia,152,6/25/20,6/25/20,6/25/20,6/30/20,6/30/20,3/10/21,3/1/21,7/7/20,3/13/21,73872,7814,46291,4759,27581,3055,3/26/20,5/31/20,5/25/20,6/21/20,3/9/20,,3/15/20,,3/15/20,,3/15/20,4/29/20
Saxony,60390,2/3/21,1/5/21,2/26/21,2/2/21,1/4/21,2/26/21,2/2/21,1/4/21,2/26/21,,,,,,,,,3/23/20,4/20/20,3/23/20,7/18/20,3/23/20,,3/23/20,,3/23/20,4/20/20
Saxony-Anhalt,60389,2/21/21,1/16/21,4/19/21,2/20/21,4/8/20,4/19/21,2/20/21,4/7/20,4/19/21,,,,,,,,,3/22/20,5/4/20,3/16/20,6/15/20,3/22/20,,3/24/20,,3/24/20,4/20/20
Schleswig-Holstein,60391,3/16/21,4/21/20,5/12/21,3/16/21,4/19/20,5/12/21,3/16/21,4/16/20,5/12/21,,,,,,,,,3/24/20,5/9/20,3/16/20,,3/24/20,,3/14/20,,3/24/20,4/20/20
Scotland,434,1/15/21,12/19/20,1/30/21,1/14/21,12/17/20,1/29/21,1/14/21,12/17/20,1/29/21,21370,711,17896,545,3474,166,,,3/23/20,5/28/20,3/23/20,8/18/20,3/23/20,,3/23/20,,3/23/20,5/28/20
Senegal,216,4/7/21,7/31/20,4/29/21,4/7/21,3/9/21,4/29/21,4/6/21,7/21/20,4/29/21,3955,35,2346,19,1609,16,,,,,3/16/20,,3/14/20,,,,,
Serbia,53,2/4/21,1/13/21,3/30/21,2/3/21,1/13/21,3/30/21,2/3/21,1/13/21,3/29/21,40118,156,27423,87,12695,69,3/21/20,4/23/20,3/18/20,5/7/20,3/16/20,,3/11/20,,3/16/20,,3/16/20,4/21/20
Sergipe,4774,7/7/20,7/7/20,7/7/20,7/29/20,7/29/20,7/29/20,7/29/20,7/29/20,7/29/20,2993,220,2341,189,652,31,,,,,3/16/20,,3/16/20,,3/20/20,,3/24/20,4/16/20
Shandong,513,12/26/21,2/19/20,12/26/21,12/26/21,2/18/20,12/26/21,12/26/21,2/18/20,12/26/21,299770,4099,197076,2967,102694,1132,2/4/20,2/18/20,2/4/20,2/18/20,2/4/20,2/18/20,2/4/20,2/18/20,2/4/20,2/18/20,2/4/20,2/18/20
Shanghai,514,5/20/21,3/31/20,6/5/21,3/30/20,3/30/20,6/5/21,3/30/20,3/30/20,6/5/21,82870,1140,54201,821,28669,319,2/10/20,3/24/20,2/10/20,3/24/20,2/10/20,3/24/20,2/10/20,3/24/20,2/10/20,3/24/20,2/10/20,3/24/20
Sicilia,35513,12/11/20,11/26/20,12/27/20,12/9/20,11/26/20,12/27/20,12/9/20,11/26/20,12/27/20,18889,389,14663,276,4226,113,3/22/20,5/4/20,3/11/20,6/3/20,3/5/20,9/14/20,3/11/20,,3/11/20,6/15/20,3/11/20,4/14/20
Sierra Leone,217,4/25/21,5/15/20,5/24/21,4/25/21,5/15/20,5/27/21,4/25/21,5/14/20,5/27/21,4124,28,2402,15,1722,13,,,4/5/20,4/8/20,3/31/20,,3/16/20,,4/11/20,,4/11/20,
Sinaloa,4667,7/2/20,7/2/20,7/2/20,6/10/20,6/10/20,6/10/20,6/10/20,6/10/20,6/10/20,2992,155,2128,131,864,24,,,,,3/19/20,,3/20/20,,3/23/20,,3/30/20,
Sindh,53621,3/28/21,7/11/20,4/22/21,3/28/21,7/11/20,4/21/21,3/27/21,7/11/20,4/21/21,31732,848,25637,670,6095,178,,,3/22/20,5/9/20,3/1/20,,3/22/20,,3/22/20,,3/22/20,4/15/20
Singapore,69,5/27/21,5/1/20,12/26/21,5/3/20,5/3/20,12/26/21,5/3/20,5/3/20,12/26/21,14180,345,11275,260,2905,85,,,4/7/20,6/2/20,4/8/20,6/29/20,3/20/20,,3/26/20,,4/7/20,6/2/20
Slovakia,54,11/28/20,11/17/20,3/16/21,11/28/20,11/17/20,3/15/21,11/28/20,11/17/20,3/15/21,32736,656,22339,365,10397,291,4/8/20,4/14/20,,,3/12/20,9/2/20,3/12/20,,3/16/20,6/3/20,3/16/20,3/30/20
Slovenia,55,11/24/20,11/16/20,2/14/21,11/24/20,11/16/20,2/14/21,11/24/20,11/16/20,2/14/21,9371,213,6642,125,2729,88,3/16/20,4/30/20,,,3/16/20,9/1/20,3/12/20,,3/15/20,,3/15/20,4/20/20
Somalia,187,4/4/21,5/1/20,5/26/21,4/4/21,5/1/20,5/27/21,4/3/21,5/1/20,5/26/21,13186,65,6374,28,6812,37,,,,,3/19/20,8/15/20,3/19/20,5/29/20,,,,
Sonora,4668,7/23/20,7/23/20,7/23/20,7/23/20,7/23/20,7/23/20,7/23/20,7/23/20,7/23/20,3470,175,2350,144,1120,31,,,4/12/20,,3/16/20,,3/17/20,,3/23/20,,3/30/20,
South Africa,196,8/2/20,8/2/20,9/19/21,9/16/21,10/8/20,10/16/21,9/16/21,10/8/20,10/16/21,133337,3565,82465,2137,50872,1428,3/27/20,,3/27/20,6/1/20,3/18/20,,3/15/20,,3/27/20,,3/27/20,5/1/20
South Asia,159,2/23/21,1/30/21,3/20/21,2/22/21,1/30/21,3/20/21,2/22/21,1/30/21,3/20/21,,,,,,,,,,,,,,,,,,
South Carolina,563,12/7/20,11/21/20,1/23/21,7/24/20,11/20/20,1/23/21,7/21/20,7/21/20,1/16/21,13707,1244,9027,839,4680,405,,,4/7/20,5/4/20,3/16/20,,3/18/20,,3/18/20,8/3/20,,
South Dakota,564,11/16/20,11/13/20,1/18/21,11/16/20,11/13/20,1/18/21,11/16/20,11/13/20,1/18/21,4733,202,2927,128,1806,74,,,,,3/16/20,,4/6/20,4/28/20,,,,
South Sudan,435,3/25/21,6/11/20,6/1/21,3/25/21,6/12/20,6/2/21,3/25/21,6/12/20,6/2/21,9007,37,4186,15,4821,22,4/12/20,,5/1/20,7/8/20,3/20/20,,3/20/20,,3/28/20,,3/28/20,5/8/20
Spain,92,3/31/20,3/31/20,3/31/20,4/2/20,4/2/20,4/2/20,4/1/20,4/1/20,4/1/20,139677,3397,106153,2322,33524,1075,,,,,,,,,,,,
Sri Lanka,17,3/11/21,4/4/20,12/26/21,3/11/21,4/4/20,12/26/21,3/11/21,4/4/20,12/26/21,56868,971,36099,676,20769,295,3/24/20,4/27/20,,,3/13/20,8/10/20,3/14/20,,3/14/20,,,
Sub-Saharan Africa,166,3/12/21,8/2/20,9/2/21,3/12/21,2/5/21,9/5/21,3/12/21,2/4/21,9/6/21,,,,,,,,,,,,,,,,,,
Sudan,522,3/3/21,6/2/20,6/6/21,3/3/21,6/1/20,6/15/21,3/3/21,6/1/20,6/18/21,27301,1816,18210,1189,9091,627,4/12/20,,5/1/20,7/8/20,3/15/20,,3/15/20,,,,,
Suriname,118,2/22/21,8/25/20,4/4/21,2/23/21,8/25/20,4/6/21,2/23/21,8/25/20,4/6/21,1499,26,1193,20,306,6,,,6/4/20,6/12/20,3/16/20,,4/6/20,,3/29/20,,,
Sweden,93,1/29/21,1/6/21,2/22/21,1/29/21,1/6/21,2/22/21,1/29/21,4/8/20,2/11/21,30183,1077,23103,367,7080,710,,,,,,,3/11/20,,,,,
Switzerland,94,12/17/20,12/3/20,1/29/21,12/16/20,12/2/20,1/28/21,12/16/20,12/2/20,1/28/21,40861,772,34259,593,6602,179,,,,,3/13/20,6/8/20,2/28/20,,3/16/20,,3/16/20,4/27/20
Syrian Arab Republic,153,3/5/21,2/17/21,4/7/21,3/5/21,2/17/21,4/7/21,3/5/21,2/17/21,4/7/21,22567,1022,14321,631,8246,391,3/23/20,5/10/20,,,3/14/20,,3/24/20,,3/22/20,,3/22/20,4/18/20
São Paulo,4775,5/8/20,5/8/20,5/8/20,7/29/20,7/29/20,7/29/20,7/29/20,7/29/20,7/29/20,84259,7859,65009,6701,19250,1158,,,,,3/23/20,,3/14/20,,3/24/20,,3/24/20,5/29/20
Tabasco,4669,7/5/20,7/5/20,7/5/20,7/23/20,7/23/20,7/23/20,7/23/20,7/23/20,7/23/20,2056,97,1425,81,631,16,,,,,3/22/20,,3/14/20,,3/23/20,,4/1/20,
Taiwan (Province of China),8,4/1/20,4/1/20,5/28/21,3/31/20,3/31/20,3/31/20,3/31/20,3/31/20,3/31/20,146833,6368,94162,4552,52671,1816,,,,,2/2/20,2/25/20,,,,,,
Tajikistan,39,4/10/21,5/14/20,4/26/21,4/10/21,5/15/20,4/26/21,4/10/21,5/15/20,4/26/21,47495,954,32931,554,14564,400,,,,,5/4/20,8/17/20,4/25/20,,,,,
Tamaulipas,4670,8/10/20,8/10/20,8/10/20,8/9/20,8/9/20,8/9/20,8/9/20,8/9/20,8/9/20,3791,195,2346,152,1445,43,,,6/22/20,,3/16/20,,3/13/20,,3/23/20,,3/30/20,
Tamil Nadu,4870,4/1/21,8/14/20,4/24/21,3/31/21,8/16/20,4/24/21,3/31/21,8/31/20,4/23/21,,,,,,,3/24/20,4/29/20,3/24/20,6/1/20,3/24/20,,3/23/20,,3/24/20,,3/24/20,4/29/20
Telangana,4871,4/14/21,3/21/21,12/26/21,4/14/21,3/20/21,12/26/21,4/14/21,3/20/21,12/26/21,,,,,,,3/22/20,5/19/20,3/22/20,6/8/20,3/14/20,,3/22/20,,3/22/20,,3/22/20,5/19/20
Tennessee,565,12/1/20,7/22/20,3/24/21,11/30/20,7/19/20,3/21/21,11/30/20,7/21/20,3/19/21,21784,1834,13972,1205,7812,629,,,4/2/20,5/26/20,3/20/20,,3/23/20,,3/23/20,,4/1/20,5/26/20
Texas,566,1/15/21,12/24/20,3/8/21,1/15/21,12/23/20,3/7/21,1/15/21,7/21/20,3/3/21,77428,6378,48794,4118,28634,2260,,,4/2/20,5/1/20,3/19/20,,3/21/20,6/4/20,3/21/20,,,
Thailand,18,12/26/21,4/10/20,12/26/21,4/9/20,4/9/20,12/26/21,4/13/20,4/13/20,12/26/21,119587,6899,76785,4855,42802,2044,,,,,3/18/20,8/13/20,,,,,,
Thuringia,60392,2/12/21,5/10/20,4/15/21,2/12/21,5/8/20,4/14/21,2/11/21,5/7/20,4/13/21,,,,,,,,,3/22/20,5/13/20,3/17/20,6/13/20,3/22/20,6/13/20,3/15/20,,,
Tlaxcala,4671,7/5/20,7/5/20,11/26/20,7/23/20,7/23/20,12/18/20,7/23/20,7/23/20,12/18/20,992,41,632,32,360,9,,,,,3/15/20,,3/27/20,,3/23/20,,3/23/20,
Tocantins,4776,8/29/20,8/29/20,11/25/20,8/28/20,8/28/20,11/28/20,8/28/20,8/28/20,11/28/20,2544,115,1980,98,564,17,,,,,3/18/20,,3/21/20,,5/5/20,,5/5/20,
Togo,218,3/14/21,9/14/20,4/15/21,3/14/21,9/29/20,4/15/21,3/13/21,9/29/20,4/15/21,5978,33,3413,17,2565,16,,,,,3/20/20,,3/20/20,,3/21/20,,,
Toscana,35503,11/30/20,11/19/20,2/12/21,11/26/20,11/19/20,2/13/21,11/26/20,11/19/20,2/14/21,12949,277,10030,196,2919,81,3/22/20,5/4/20,3/11/20,6/3/20,3/5/20,9/14/20,3/11/20,,3/11/20,6/15/20,3/11/20,4/14/20
Trinidad and Tobago,119,9/11/20,9/11/20,2/27/21,9/12/20,9/12/20,2/27/21,9/12/20,9/12/20,2/27/21,3641,32,2293,20,1348,12,,,3/30/20,5/24/20,3/16/20,,3/16/20,,3/17/20,,3/30/20,5/11/20
Tripura,4872,3/11/21,9/11/20,3/29/21,3/11/21,9/11/20,3/28/21,3/10/21,9/12/20,3/27/21,,,,,,,3/24/20,5/18/20,3/24/20,6/1/20,3/17/20,,3/24/20,,3/24/20,,3/24/20,4/21/20
Tunisia,154,12/20/20,11/20/20,1/21/21,12/20/20,11/20/20,1/21/21,12/20/20,11/20/20,1/21/21,21009,894,13202,546,7807,348,,,3/22/20,5/15/20,3/13/20,,3/16/20,6/8/20,3/13/20,6/8/20,3/22/20,5/4/20
Turkey,155,1/29/21,1/17/21,2/24/21,1/28/21,1/17/21,2/23/21,1/28/21,1/17/21,2/23/21,205125,24736,133316,15726,71809,9010,,,,,3/16/20,,3/16/20,5/29/20,3/16/20,,,
Uganda,190,3/17/21,2/20/21,12/26/21,3/17/21,2/23/21,12/26/21,3/17/21,2/23/21,12/26/21,39618,82,19035,35,20583,47,3/30/20,5/26/20,3/30/20,6/2/20,3/20/20,,3/18/20,,3/18/20,,3/30/20,5/4/20
Ukraine,63,1/6/21,12/21/20,1/24/21,1/6/21,12/21/20,1/24/21,1/6/21,12/21/20,1/24/21,365132,6303,325256,4940,39876,1363,,,4/3/20,6/5/20,3/12/20,,3/12/20,,3/12/20,,3/17/20,5/11/20
Umbria,35504,12/26/20,4/1/20,4/3/21,12/24/20,3/31/20,4/1/21,12/24/20,3/27/20,3/27/21,3223,68,2497,48,726,20,3/22/20,5/4/20,3/11/20,6/3/20,3/5/20,9/14/20,3/11/20,,3/11/20,6/15/20,3/11/20,4/14/20
United Arab Emirates,156,2/8/21,5/6/20,3/12/21,2/8/21,5/5/20,3/22/21,2/8/21,4/30/20,3/21/21,14240,659,9079,409,5161,250,,,3/23/20,4/24/20,3/8/20,,3/23/20,,3/23/20,,,
United Kingdom,95,1/14/21,12/11/20,2/7/21,12/21/20,12/9/20,2/6/21,12/21/20,12/9/20,2/6/21,190078,5872,159673,4520,30405,1352,,,3/23/20,6/19/20,3/23/20,9/1/20,3/16/20,,3/20/20,,3/24/20,6/29/20
United States Virgin Islands,422,2/18/21,8/31/20,3/20/21,2/18/21,8/31/20,3/21/21,2/18/21,8/31/20,3/21/21,217,4,136,2,81,2,,,3/25/20,5/4/20,3/18/20,,3/21/20,,3/23/20,6/1/20,3/25/20,5/4/20
United States of America,102,1/21/21,12/26/20,2/16/21,1/17/21,12/24/20,2/14/21,1/17/21,4/11/20,2/10/21,,,,,,,,,,,,,,,,,,
Uruguay,99,9/22/21,4/13/20,11/19/21,9/22/21,4/12/20,11/16/21,9/22/21,4/12/20,11/16/21,8168,704,6106,428,2062,276,,,,,3/15/20,6/29/20,,,3/17/20,,,
Utah,567,1/15/21,12/25/20,4/15/21,1/15/21,12/25/20,4/15/21,1/14/21,12/25/20,4/14/21,6726,428,3955,257,2771,171,,,,,3/16/20,,3/19/20,5/1/20,3/19/20,,,
Uttar Pradesh,4873,3/29/21,9/12/20,4/18/21,3/28/21,9/12/20,4/17/21,3/28/21,9/3/20,4/17/21,,,,,,,3/25/20,5/20/20,3/25/20,6/1/20,3/25/20,,3/25/20,,3/25/20,,3/25/20,5/20/20
Uttarakhand,4874,2/12/21,9/10/20,3/26/21,2/12/21,9/11/20,3/25/21,2/12/21,9/9/20,3/24/21,,,,,,,3/22/20,5/4/20,3/22/20,6/1/20,3/13/20,,3/22/20,,3/22/20,,3/22/20,4/24/20
Uzbekistan,41,3/24/21,3/7/21,4/11/21,3/23/21,3/6/21,4/11/21,3/23/21,3/6/21,4/11/21,153923,3322,129698,2463,24225,859,3/27/20,5/18/20,3/27/20,8/15/20,3/16/20,,3/23/20,,3/21/20,,,
Valencian Community,60371,12/28/20,12/1/20,3/3/21,12/27/20,12/1/20,3/3/21,12/27/20,12/1/20,3/3/21,,,,,,,,,3/15/20,5/11/20,3/14/20,,3/15/20,,3/15/20,,3/15/20,4/13/20
Valle d'Aosta,35495,4/9/20,4/9/20,12/21/21,3/31/20,3/31/20,3/31/20,3/29/20,3/29/20,3/29/20,438,9,339,6,99,3,3/22/20,5/4/20,3/11/20,6/3/20,3/5/20,9/14/20,3/11/20,,3/11/20,6/15/20,3/11/20,4/14/20
Veneto,35500,12/7/20,11/22/20,1/6/21,12/4/20,11/22/20,1/4/21,3/30/20,3/30/20,12/15/20,17248,368,13357,260,3891,108,3/22/20,5/4/20,3/11/20,6/3/20,3/1/20,9/14/20,2/22/20,,2/22/20,6/15/20,3/11/20,4/14/20
Venezuela (Bolivarian Republic of),133,4/7/21,3/13/21,4/30/21,4/8/21,3/13/21,5/1/21,4/8/21,3/13/21,5/1/21,27906,1218,17002,553,10904,665,3/17/20,,3/20/20,,3/16/20,,3/12/20,,3/16/20,,3/16/20,6/1/20
Veracruz de Ignacio de la Llave,4672,6/16/20,6/16/20,6/16/20,6/12/20,6/12/20,6/12/20,6/12/20,6/12/20,6/12/20,6314,197,4085,158,2229,39,,,,,3/16/20,,3/16/20,,3/23/20,,3/30/20,
Vermont,568,4/17/20,4/17/20,4/17/20,4/17/20,4/17/20,4/17/20,4/17/20,4/17/20,4/17/20,1525,102,992,68,533,34,,,3/24/20,5/15/20,3/18/20,,3/13/20,,3/17/20,,3/25/20,5/4/20
Virginia,569,1/25/21,11/30/20,4/6/21,1/24/21,4/22/20,4/4/21,1/23/21,4/22/20,4/3/21,23270,1241,16689,912,6581,329,,,3/30/20,6/5/20,3/16/20,,3/15/20,,3/17/20,,3/24/20,5/15/20
Wales,4636,12/31/20,12/7/20,1/28/21,12/30/20,12/6/20,1/27/21,12/30/20,12/6/20,1/27/21,11127,387,9326,297,1801,90,6/1/20,7/6/20,3/23/20,6/1/20,3/23/20,9/1/20,3/23/20,,3/23/20,,3/23/20,6/22/20
Washington,570,2/9/21,1/12/21,3/10/21,2/8/21,1/11/21,3/10/21,2/8/21,4/4/20,3/7/21,15235,1116,10328,775,4907,341,,,3/23/20,7/3/20,3/13/20,,3/11/20,,3/16/20,,3/25/20,7/3/20
West Bengal,4875,1/25/21,1/14/21,2/20/21,1/25/21,1/14/21,2/20/21,1/25/21,1/14/21,2/19/21,,,,,,,3/24/20,5/5/20,3/24/20,6/1/20,3/14/20,,3/24/20,,3/24/20,,3/24/20,5/5/20
West Virginia,571,2/10/21,11/30/20,4/20/21,2/9/21,11/30/20,4/19/21,2/8/21,11/30/20,4/19/21,8403,568,5371,372,3032,196,,,3/25/20,5/4/20,3/14/20,,3/24/20,,3/18/20,,3/24/20,5/4/20
Wisconsin,572,12/7/20,11/20/20,1/13/21,12/6/20,11/20/20,1/12/21,12/6/20,11/20/20,1/12/21,14232,476,8867,303,5365,173,,,3/25/20,5/13/20,3/18/20,,3/17/20,,3/17/20,,3/25/20,5/11/20
Wyoming,573,12/31/20,10/22/20,4/23/21,12/30/20,10/22/20,4/22/21,12/30/20,10/22/20,4/21/21,2453,105,1384,60,1069,45,,,,,3/19/20,,3/20/20,,3/19/20,5/15/20,,
Yemen,157,6/22/20,6/22/20,6/22/20,6/22/20,6/22/20,6/22/20,6/12/20,6/12/20,6/12/20,20609,1388,13845,916,6764,472,,,,,3/25/20,,,,,,,
Yucatán,4673,7/5/20,7/5/20,12/5/20,7/23/20,7/23/20,12/22/20,7/23/20,7/23/20,12/22/20,2243,147,1875,134,368,13,,,6/22/20,,3/16/20,,3/26/20,,3/23/20,,3/30/20,
Zacatecas,4674,11/26/20,8/6/20,2/5/21,8/9/20,8/9/20,2/3/21,8/9/20,8/9/20,2/3/21,1394,56,879,44,515,12,,,6/22/20,,3/23/20,,3/15/20,,3/23/20,,3/30/20,
Zambia,191,8/2/20,8/2/20,9/14/21,7/19/20,7/19/20,10/14/21,7/19/20,7/19/20,10/9/21,28124,95,12690,37,15434,58,,,,,3/20/20,9/14/20,3/25/20,,3/25/20,,,
Zimbabwe,198,8/18/21,8/27/20,10/14/21,8/18/21,8/2/20,10/19/21,8/19/21,8/2/20,10/19/21,25275,719,16169,448,9106,271,,,3/30/20,,3/23/20,,3/23/20,,3/23/20,,3/30/20,4/20/20